set,id,true,cheap_fpb_v,cheap_news_v,heavy_v,vader_v,kw_v,cascade_fpb_label,cascade_fpb_tier,cascade_news_label,cascade_news_tier
clear,0,0,-0.040583,-0.10966,0.001307,0.0,0.0,1,heavy,1,heavy
clear,1,2,0.43057,0.575538,0.346161,0.7096,0.0,2,heavy,2,heavy
clear,3,0,-0.000134,-0.050798,-0.000729,0.0,0.0,1,heavy,1,heavy
clear,5,0,0.012166,-0.001245,0.001249,0.0,0.0,1,heavy,1,heavy
clear,6,2,0.286662,0.137738,-0.999097,0.5859,0.0,1,heavy,1,heavy
clear,7,2,0.174724,-0.35414,4.4e-05,0.0,0.0,1,heavy,1,heavy
clear,9,0,-0.273478,-0.518977,0.004811,-0.4019,0.0,0,heavy,0,cheap
clear,10,2,-0.121437,-0.15409,5.8e-05,0.0,0.0,1,heavy,1,heavy
clear,11,0,-0.232827,0.333091,-0.212583,0.296,0.0,1,heavy,1,heavy
clear,14,0,-0.264548,-0.662806,-0.995397,-0.4404,0.0,0,heavy,0,heavy
clear,15,2,0.430191,0.354667,-0.000139,0.4404,0.0,1,heavy,1,heavy
clear,16,2,0.533908,0.527614,0.036094,0.7899,0.0,0,heavy,0,heavy
clear,17,0,-0.044701,-0.131787,-0.000106,0.0,0.0,1,heavy,0,cheap
clear,22,2,0.319188,0.315233,0.978688,0.34,0.0,2,heavy,2,heavy
clear,23,0,0.501491,0.513577,-0.920288,0.7457,0.0,1,heavy,1,heavy
clear,24,0,0.262218,-0.017072,-0.000101,0.6369,0.0,0,cheap,0,cheap
clear,27,0,-0.237808,-0.126429,-0.74361,-0.1764,0.0,2,heavy,2,heavy
clear,29,0,-0.269872,-0.713242,0.000492,-0.3818,0.0,1,heavy,1,heavy
clear,32,2,0.046023,-0.111056,-3.6e-05,0.0,0.0,1,heavy,1,heavy
clear,33,0,0.139902,0.016068,6.9e-05,0.0,0.0,0,cheap,0,cheap
clear,36,2,0.777739,0.60268,0.99979,0.4767,0.0,1,heavy,1,heavy
clear,37,2,-0.398173,-0.144282,-0.223326,-0.4215,0.0,1,heavy,1,heavy
clear,38,0,0.475062,0.34569,0.765872,0.3612,0.0,1,heavy,1,heavy
clear,39,0,-0.151435,0.018964,-0.002895,0.0,0.0,0,heavy,0,heavy
clear,40,0,-0.704727,-0.837191,-0.000724,-0.8796,0.0,0,heavy,0,heavy
clear,41,2,0.111244,-0.039513,-0.000104,0.0,0.0,1,heavy,1,heavy
clear,42,2,0.183904,0.143839,0.000193,0.3818,0.0,1,heavy,1,heavy
clear,45,2,0.161127,-0.379583,0.998169,0.0,1.0,1,heavy,1,heavy
clear,46,0,-0.244369,-0.087743,8.3e-05,0.0,0.0,1,heavy,1,heavy
clear,49,2,-0.467086,-0.506864,-0.059233,-0.296,0.0,2,heavy,2,cheap
clear,50,2,-0.045812,-0.107635,-0.000208,0.0,0.0,1,heavy,1,heavy
clear,51,0,0.183363,0.269714,0.008606,0.0,0.0,0,cheap,1,heavy
clear,52,2,-0.113704,-0.109356,0.000274,-0.34,0.0,1,heavy,1,heavy
clear,53,0,-0.825276,-0.606641,-0.767177,-0.5423,0.0,1,heavy,1,heavy
clear,54,0,0.087863,-0.395088,-0.001931,0.128,0.0,1,heavy,1,heavy
clear,55,0,-0.11132,-0.066181,-0.000129,-0.296,0.0,1,heavy,0,cheap
clear,56,2,0.232431,0.079569,0.000281,0.2023,0.0,2,heavy,2,heavy
clear,57,0,0.335247,0.366833,-7.6e-05,0.7003,0.0,1,heavy,1,heavy
clear,58,0,0.451685,0.122971,0.026732,0.4019,-1.0,1,heavy,1,heavy
clear,59,2,-0.135813,0.050034,-0.994656,-0.1154,-1.0,2,heavy,2,heavy
clear,63,0,-0.035417,-0.412702,-0.54836,0.0,0.0,0,heavy,0,cheap
clear,65,0,0.546416,0.296129,0.011722,0.7579,0.0,0,heavy,0,heavy
clear,66,0,-0.293052,-0.160091,-0.16205,-0.4404,0.0,1,heavy,1,heavy
clear,67,0,0.084875,0.079372,-0.000461,0.0,0.0,1,heavy,1,heavy
clear,68,0,0.293086,0.064962,-0.000125,0.2382,0.0,0,cheap,1,heavy
clear,69,0,0.023897,0.419322,0.000182,-0.0516,0.0,1,heavy,1,heavy
clear,70,2,0.163684,0.433511,0.00012,0.2732,0.0,2,cheap,1,heavy
clear,71,0,0.438163,0.387966,-0.000408,0.4019,0.0,1,heavy,1,heavy
clear,73,2,-0.916271,-0.682239,-0.990163,-0.6369,0.0,1,heavy,1,heavy
clear,74,0,0.529893,0.618865,0.99916,0.5106,1.0,1,heavy,1,heavy
clear,75,2,-0.068753,-0.104385,0.000373,0.0,0.0,0,cheap,1,heavy
clear,76,2,-0.670907,-0.265157,-0.000272,-0.5267,0.0,1,heavy,1,heavy
clear,77,2,0.393167,0.317513,0.000767,0.7096,1.0,2,cheap,2,heavy
clear,79,0,0.253481,0.066369,0.000539,0.296,0.0,0,heavy,0,heavy
clear,80,2,0.172104,0.040275,0.08694,0.0,0.0,2,heavy,2,heavy
clear,82,0,-0.411673,-0.649174,-0.000562,-0.9042,1.0,0,cheap,0,cheap
clear,88,0,0.485036,0.117138,0.957589,0.4939,0.0,0,cheap,1,heavy
clear,89,0,-0.507384,-0.382412,-0.016108,-0.4588,0.0,0,heavy,0,heavy
clear,95,2,-0.033286,-0.427263,-0.000213,0.0,0.0,1,heavy,1,heavy
clear,96,2,0.575527,0.494121,0.999434,0.6369,0.0,1,heavy,2,cheap
clear,98,0,0.194552,-0.088362,0.003052,0.0,0.0,1,heavy,0,cheap
clear,99,0,0.144998,0.380939,-6.2e-05,0.0,0.0,1,heavy,1,heavy
clear,101,0,-0.735332,-0.436174,-0.231936,-0.6705,0.0,0,cheap,0,heavy
clear,104,0,-0.328727,-0.691872,-0.993048,-0.2851,0.0,1,heavy,1,heavy
clear,106,0,0.225804,-0.290986,4e-05,0.4019,-1.0,0,cheap,0,cheap
clear,107,0,-0.559244,-0.59442,-0.680642,-0.6908,0.0,1,heavy,1,heavy
clear,108,0,-0.263736,-0.580392,3.2e-05,-0.5106,0.0,0,heavy,0,heavy
clear,109,0,0.053839,-0.416084,-0.001422,-0.0772,0.0,1,heavy,1,heavy
clear,110,0,-0.716013,-0.411821,-0.000567,-0.5423,0.0,0,cheap,0,cheap
clear,111,0,-0.497021,-0.580497,-0.184694,-0.8402,0.0,1,heavy,1,heavy
clear,112,0,0.74401,0.521655,0.133609,0.5719,1.0,0,cheap,0,cheap
clear,113,2,-0.012174,-0.138295,-0.002465,0.0,0.0,0,heavy,0,heavy
clear,114,0,-0.060353,0.309058,-0.0001,0.0,0.0,1,heavy,0,cheap
clear,115,2,0.003534,0.297304,0.000883,0.0,0.0,2,cheap,2,cheap
clear,116,0,0.004844,-0.111822,-9e-05,0.0,0.0,1,heavy,1,heavy
clear,118,2,-0.820483,-0.302172,5.7e-05,-0.8316,0.0,2,cheap,2,cheap
clear,120,2,-0.298489,-0.50898,-0.001567,-0.5859,0.0,1,heavy,1,heavy
clear,121,2,0.716544,0.346804,0.976357,0.836,1.0,2,cheap,2,cheap
clear,124,0,0.535512,0.407172,0.031039,0.7391,0.0,2,heavy,2,heavy
clear,125,2,0.123943,-0.179507,-0.996031,0.0772,0.0,2,heavy,2,heavy
clear,126,2,-0.088731,0.165238,0.994006,0.0,0.0,1,heavy,1,heavy
clear,127,0,-0.846521,-0.306558,0.001596,-0.743,0.0,0,heavy,0,cheap
clear,128,0,-0.708053,-0.727339,-0.335714,-0.8225,0.0,1,heavy,1,heavy
clear,129,0,0.518705,0.265838,-0.000428,0.7351,0.0,1,heavy,1,heavy
clear,131,2,-0.627598,-0.486285,-0.148759,-0.8591,0.0,1,heavy,1,heavy
clear,132,0,-0.40915,-0.469689,0.022243,-0.6597,0.0,1,heavy,1,heavy
clear,133,2,0.161442,-0.240205,-0.000212,0.3875,0.0,2,heavy,2,heavy
clear,134,2,-0.043367,-0.078824,-0.000368,0.0,0.0,1,heavy,1,heavy
clear,135,2,-0.628925,-0.589853,0.056597,-0.7964,0.0,2,heavy,2,cheap
clear,136,0,-0.322323,-0.373538,-0.653665,-0.3818,0.0,1,heavy,1,heavy
clear,138,0,0.042899,-0.005235,-0.0001,0.128,0.0,1,heavy,1,heavy
clear,140,0,-0.036998,-0.139788,-0.00015,0.0,0.0,0,cheap,0,cheap
clear,141,0,0.612815,0.149065,0.031852,0.4939,0.0,1,heavy,1,heavy
clear,145,0,-0.655319,-0.818014,-9.7e-05,-0.8674,0.0,0,heavy,0,cheap
clear,146,0,-0.129706,0.173791,-0.998832,-0.1531,1.0,2,heavy,0,cheap
clear,147,0,-0.553411,-0.532115,0.001346,-0.6249,0.0,0,heavy,0,heavy
clear,149,2,0.493025,0.731088,0.000904,0.8979,0.0,1,heavy,1,heavy
clear,150,0,0.057233,-0.025389,-0.000206,0.0,0.0,1,heavy,1,heavy
clear,152,2,-0.183794,-0.669544,0.002616,-0.0516,0.0,2,heavy,2,heavy
clear,154,0,0.231443,-0.078903,0.002772,0.0772,0.0,1,heavy,0,cheap
clear,155,0,0.211767,0.41441,0.001863,0.5423,0.0,1,heavy,1,heavy
clear,157,2,-0.600118,-0.383623,-0.877072,-0.7096,0.0,0,cheap,2,heavy
clear,159,2,-0.05488,0.256732,-0.000121,0.0,0.0,2,cheap,2,cheap
clear,160,2,-0.530605,-0.417202,-0.561943,-0.8481,1.0,1,heavy,1,heavy
clear,162,2,0.176252,0.518111,-0.000204,0.21,0.0,1,heavy,1,heavy
clear,163,2,-0.241578,-0.153703,-0.001952,-0.1901,0.0,0,cheap,2,heavy
clear,165,2,-0.683864,-0.820026,-1.3e-05,-0.8481,0.0,1,heavy,1,heavy
clear,166,0,-0.013849,0.216711,-4.2e-05,0.0,0.0,0,cheap,0,cheap
clear,168,0,-0.350095,-0.187724,-0.980705,-0.34,0.0,0,heavy,0,heavy
clear,169,0,0.272728,-0.093232,0.000131,0.3182,0.0,0,cheap,0,cheap
clear,170,2,-0.719641,-0.692244,-0.759427,-0.5927,0.0,1,heavy,1,heavy
clear,171,0,-0.108216,-0.056664,-0.028274,0.0,0.0,1,heavy,1,heavy
clear,173,0,-0.782154,-0.777954,-0.998229,-0.8822,0.0,1,heavy,1,heavy
clear,174,2,-0.489465,-0.322632,-0.596145,-0.4215,-1.0,2,heavy,2,cheap
clear,175,0,-0.518372,-0.645347,-0.192441,-0.3612,0.0,1,heavy,1,heavy
clear,176,0,0.705868,0.865399,0.001047,0.8689,0.0,0,heavy,0,heavy
clear,178,2,-0.558209,-0.438603,-0.00062,-0.6882,0.0,1,heavy,1,heavy
clear,179,0,-0.113821,0.347493,0.002695,0.0,0.0,1,heavy,1,heavy
clear,180,0,0.60192,0.739235,5.1e-05,0.8271,0.0,1,heavy,1,heavy
clear,182,0,0.013091,0.063365,0.00148,0.0,0.0,1,heavy,1,heavy
clear,186,0,0.204172,0.479185,-9.8e-05,0.2732,1.0,1,heavy,0,cheap
clear,189,0,0.672691,0.605939,0.856939,0.3818,0.0,1,heavy,1,heavy
clear,190,2,0.150791,-0.359408,-0.000879,0.0,0.0,2,heavy,0,cheap
clear,191,2,0.247802,0.082244,1.1e-05,0.2732,0.0,1,heavy,1,heavy
clear,192,2,-0.108807,0.05065,0.971044,0.0772,0.0,1,heavy,1,heavy
clear,194,0,-0.465458,-0.593484,0.997553,-0.5574,0.0,2,heavy,2,heavy
clear,195,0,-0.538298,-0.154343,-0.056501,-0.6486,0.0,0,cheap,0,cheap
clear,196,2,-0.564904,-0.877159,-0.970538,-0.7351,0.0,2,heavy,2,heavy
clear,197,0,0.03592,0.122228,0.024203,0.2748,0.0,0,heavy,0,cheap
clear,199,0,-0.293342,0.068825,-0.000927,0.0,0.0,0,cheap,1,heavy
clear,201,0,0.048043,-0.555152,-0.000101,0.0,0.0,1,heavy,1,heavy
clear,203,2,-0.030014,0.463018,9.2e-05,0.0,0.0,2,cheap,2,heavy
clear,204,2,0.153244,-0.007644,0.001139,0.3612,0.0,0,cheap,1,heavy
clear,205,0,0.148989,-0.184719,0.703329,0.3182,0.0,1,heavy,1,heavy
clear,207,0,-0.19149,-0.25688,0.000111,-0.3412,0.0,0,heavy,0,heavy
clear,210,2,0.439417,0.711771,0.9262,0.5719,0.0,2,cheap,2,cheap
clear,212,2,0.564947,0.352399,0.002105,0.7096,0.0,1,heavy,1,heavy
clear,214,2,-0.144995,-0.401954,-0.00032,-0.4404,0.0,2,heavy,2,heavy
clear,216,0,0.027306,-0.339781,0.001953,0.0,0.0,1,heavy,0,cheap
clear,220,0,0.059692,-0.090255,-4.6e-05,0.0,0.0,2,heavy,2,heavy
clear,221,2,-0.684535,-0.618721,-0.215339,-0.743,-1.0,2,cheap,2,heavy
clear,222,2,-0.135515,-0.181305,0.001566,0.0,0.0,1,heavy,1,heavy
clear,224,0,-0.618503,-0.48889,-5.7e-05,-0.4215,0.0,1,heavy,1,heavy
clear,225,2,0.327961,0.130394,0.001106,0.4019,0.0,2,heavy,2,heavy
clear,226,0,0.079131,-0.26214,0.003632,0.0258,0.0,0,cheap,0,cheap
clear,227,0,-0.555748,-0.71365,-0.983971,-0.6249,0.0,2,cheap,0,heavy
clear,228,0,-0.289233,-0.639055,0.816123,-0.6474,0.0,1,heavy,1,heavy
clear,230,0,-0.191212,-0.334728,-0.997447,-0.2023,0.0,2,heavy,2,heavy
clear,232,2,0.242279,0.222148,2e-05,0.4019,0.0,2,heavy,2,heavy
clear,233,2,0.107623,-0.493109,-0.000452,0.0772,-1.0,2,heavy,2,heavy
clear,239,2,-0.505195,-0.464655,-2.4e-05,-0.4404,0.0,1,heavy,1,heavy
clear,240,0,-0.040918,-0.451291,-0.188475,-0.1779,0.0,1,heavy,1,heavy
clear,241,2,0.150773,0.377786,0.804212,0.4215,0.0,1,heavy,1,heavy
clear,242,2,-0.746503,-0.081545,-0.026211,-0.8126,0.0,1,heavy,1,heavy
clear,243,2,-0.325823,-0.61055,-0.002892,-0.4404,0.0,2,heavy,0,cheap
clear,245,0,-0.02569,-0.039194,-0.000533,0.0,0.0,1,heavy,1,heavy
clear,247,0,0.034462,-0.369913,1.2e-05,0.0,0.0,1,heavy,1,heavy
clear,248,0,-0.752884,-0.587063,0.462262,-0.9516,0.0,1,heavy,1,heavy
clear,252,0,-0.041926,0.166322,-0.000156,0.0,0.0,1,heavy,1,heavy
clear,254,2,0.62054,0.665436,0.999683,0.5859,0.0,1,heavy,1,heavy
clear,255,0,0.447496,0.282227,-0.000174,0.2732,0.0,0,cheap,0,cheap
clear,256,0,-0.341147,-0.72796,-0.145149,-0.296,-1.0,1,heavy,1,heavy
clear,257,0,-0.029499,0.090689,0.000163,0.0,0.0,1,heavy,1,heavy
clear,258,2,-0.713662,-0.2041,0.991633,-0.6597,0.0,1,heavy,1,heavy
clear,259,2,-0.142867,-0.097951,-0.004318,0.0,0.0,1,heavy,1,heavy
clear,261,0,0.46589,0.485619,8.8e-05,0.4767,0.0,0,heavy,0,cheap
clear,262,2,-0.752664,-0.679358,-0.941605,-0.6369,-1.0,1,heavy,1,heavy
clear,263,0,0.041762,-0.451129,-9.1e-05,0.0,0.0,1,heavy,1,heavy
clear,264,0,-0.064123,-0.357798,-0.964459,0.0,0.0,1,heavy,0,cheap
clear,265,0,-0.693381,-0.607723,-0.001089,-0.8885,0.0,1,heavy,0,cheap
clear,267,0,0.301096,0.256135,-0.000216,0.4754,0.0,0,heavy,0,cheap
clear,268,2,0.165691,-0.364511,-0.000372,0.3291,0.0,1,heavy,1,heavy
clear,269,2,0.545742,0.121141,0.649085,0.3818,0.0,2,heavy,0,cheap
clear,270,2,0.078256,-0.387489,0.027018,0.3612,0.0,0,cheap,1,heavy
clear,271,0,0.481334,0.626682,0.877303,0.5499,1.0,1,heavy,0,cheap
clear,272,0,0.168792,-0.437277,-7.3e-05,0.0,0.0,1,heavy,0,cheap
clear,275,0,-0.268475,-0.011538,-0.318392,0.0,0.0,1,heavy,0,cheap
clear,277,0,0.071785,-0.052692,-0.000185,0.0,0.0,0,heavy,0,heavy
clear,279,2,0.035143,0.16418,-5.2e-05,0.25,0.0,2,heavy,2,heavy
clear,280,0,0.042119,0.020887,-0.085627,0.2023,0.0,0,cheap,0,cheap
clear,281,2,-0.534032,-0.407588,-0.000298,-0.69,0.0,2,heavy,2,heavy
clear,282,2,-0.173695,-0.144281,0.000411,0.0,0.0,1,heavy,1,heavy
clear,284,0,-0.430274,-0.058607,-0.000105,0.34,0.0,2,heavy,2,heavy
clear,285,0,-0.15177,-0.207224,6.3e-05,0.0,0.0,0,cheap,0,cheap
clear,286,0,0.197663,0.166004,-0.000805,0.4939,0.0,0,cheap,1,heavy
clear,287,2,0.016098,0.026531,-0.000208,0.0,0.0,0,heavy,0,heavy
clear,288,0,-0.479967,-0.765734,-0.044923,-0.6124,0.0,1,heavy,1,heavy
clear,289,0,-0.340137,-0.522848,-0.993673,-0.4404,0.0,0,cheap,0,cheap
clear,290,2,-0.020703,-0.198653,4.7e-05,0.0,0.0,2,heavy,2,heavy
clear,293,0,-0.05132,0.494341,-0.055664,0.0516,0.0,0,cheap,0,cheap
clear,295,0,-0.144972,-0.635103,0.603391,-0.296,0.0,0,heavy,0,heavy
clear,296,0,-0.015426,-0.010312,0.018548,0.0,0.0,0,cheap,0,heavy
clear,297,2,-0.238901,0.191794,-0.000432,0.0,0.0,1,heavy,1,heavy
clear,298,2,0.051037,0.014742,-6.1e-05,0.0,0.0,1,heavy,1,heavy
clear,299,0,-0.438642,-0.489263,0.798354,-0.4404,0.0,1,heavy,0,cheap
clear,300,0,-0.622357,-0.786408,-0.212898,-0.4754,0.0,0,heavy,0,heavy
clear,303,0,0.39445,0.189163,0.909289,0.4019,0.0,2,heavy,2,heavy
clear,304,0,-0.456922,-0.773046,-0.998497,-0.2263,0.0,0,heavy,0,heavy
clear,306,2,-0.011118,-0.084803,-0.019254,0.0,0.0,1,heavy,1,heavy
clear,308,2,-0.641074,-0.372753,-0.000607,-0.7783,0.0,1,heavy,1,heavy
clear,309,2,-0.559769,-0.249679,-0.025411,-0.4601,0.0,2,heavy,2,heavy
clear,310,2,-0.031891,-0.37799,-0.000762,0.0772,0.0,1,heavy,1,heavy
clear,311,2,0.081289,-0.139213,-0.00081,0.4019,-1.0,1,heavy,2,cheap
clear,312,2,0.68763,0.418495,0.99389,0.768,0.0,1,heavy,1,heavy
clear,314,2,-0.713284,-0.502926,-0.000107,-0.5859,-1.0,1,heavy,1,heavy
clear,315,0,0.24255,0.202756,-0.000728,0.2023,0.0,0,cheap,1,heavy
clear,316,0,-0.586343,-0.126193,-0.996688,-0.8481,0.0,1,heavy,1,heavy
clear,317,0,-0.45261,-0.224684,-0.882057,-0.3818,0.0,0,heavy,0,heavy
clear,319,0,-0.386932,-0.520586,0.000134,-0.6597,0.0,1,heavy,1,heavy
clear,320,2,-0.17653,-0.12743,-0.00122,0.0,0.0,1,heavy,1,heavy
clear,321,2,0.606519,0.734712,0.099545,0.8074,1.0,1,heavy,1,heavy
clear,323,0,0.000233,0.268791,-9.3e-05,-0.0516,0.0,1,heavy,1,heavy
clear,324,0,-0.219936,-0.022434,-7.2e-05,0.0,0.0,1,heavy,1,heavy
clear,326,2,0.203888,-0.024003,0.024378,0.0,0.0,2,cheap,2,cheap
clear,327,0,0.14288,0.024817,0.89459,0.0,0.0,1,heavy,1,heavy
clear,328,2,-0.358385,0.120365,-0.000116,-0.34,0.0,1,heavy,1,heavy
clear,330,2,-0.582671,-0.691828,-0.001456,-0.4847,-1.0,2,heavy,2,cheap
clear,331,0,0.098892,0.121542,-0.998742,0.0,0.0,1,heavy,1,heavy
clear,333,2,-0.345432,-0.262937,-0.003279,0.0,0.0,1,heavy,1,heavy
clear,335,0,-0.137868,-0.209674,-0.000211,0.0,0.0,0,heavy,0,heavy
clear,337,0,-0.51754,-0.421468,0.999631,-0.4767,0.0,0,heavy,0,cheap
clear,338,0,0.703411,0.221767,0.999742,0.5574,1.0,1,heavy,1,heavy
clear,339,0,0.128178,0.339194,0.000379,0.4019,0.0,1,heavy,1,heavy
clear,343,2,0.495332,0.109407,0.99918,0.4215,0.0,2,heavy,2,heavy
clear,344,0,0.069653,0.017581,-9.9e-05,0.0,0.0,0,cheap,0,cheap
clear,345,0,0.455761,0.285175,0.998884,0.6478,0.0,0,cheap,0,cheap
clear,346,0,-0.742913,-0.882028,-0.672007,-0.6705,0.0,0,cheap,1,heavy
clear,347,0,0.889592,0.420821,-0.877781,0.7506,1.0,2,cheap,1,heavy
clear,348,0,-0.338857,-0.391828,-0.037057,-0.3182,0.0,1,heavy,0,cheap
clear,349,2,-0.486294,-0.738505,-9.9e-05,-0.7717,0.0,2,heavy,2,heavy
clear,351,2,0.280347,0.129385,0.963367,0.4159,0.0,2,heavy,2,heavy
clear,352,0,-0.605628,-0.256618,-0.021735,-0.296,0.0,1,heavy,1,heavy
clear,354,0,0.388473,0.58975,0.999339,0.4019,0.0,1,heavy,1,heavy
clear,356,0,0.264294,0.182018,0.994957,0.25,0.0,0,cheap,1,heavy
clear,357,0,-0.209773,-0.667333,0.648646,-0.296,0.0,1,heavy,1,heavy
clear,358,0,0.087185,-0.100103,-0.000918,0.2584,0.0,1,heavy,1,heavy
clear,359,2,-0.086061,0.046492,-0.000207,0.0,0.0,2,cheap,2,cheap
clear,360,0,-0.504778,-0.155498,-0.234692,-0.5106,0.0,1,heavy,1,heavy
clear,361,0,0.005966,0.119432,-0.000346,0.0258,0.0,0,heavy,0,heavy
clear,363,0,0.182156,0.117807,-0.00065,0.4019,0.0,0,cheap,0,cheap
clear,365,0,0.036888,0.132914,-0.000419,0.3818,0.0,0,cheap,0,cheap
clear,366,0,0.192366,0.578247,-0.000142,0.3182,0.0,0,cheap,0,heavy
clear,370,0,-0.156035,-0.321877,-2e-06,-0.1779,0.0,2,cheap,0,heavy
clear,371,0,-0.521113,-0.674162,0.988171,-0.4215,-1.0,0,heavy,0,cheap
clear,374,2,-0.334013,-0.042598,-0.750674,-0.1655,0.0,1,heavy,1,heavy
clear,375,2,-0.594013,-0.364753,-2.3e-05,-0.6249,0.0,1,heavy,1,heavy
clear,376,2,0.572042,0.374245,0.001037,0.7506,0.0,1,heavy,2,cheap
clear,377,0,-0.222985,-0.305184,-0.001932,-0.296,0.0,1,heavy,1,heavy
clear,380,0,0.141001,-0.10836,-0.001473,0.4019,0.0,1,heavy,1,heavy
clear,382,0,0.318232,0.200952,-0.000153,0.4588,0.0,2,heavy,2,heavy
clear,383,2,-0.12625,-0.097719,-4.6e-05,0.0,0.0,1,heavy,1,heavy
clear,387,0,0.233011,0.07232,-3.5e-05,0.34,0.0,2,heavy,2,heavy
clear,388,0,-0.187065,-0.366556,-1e-05,-0.128,0.0,0,cheap,0,cheap
clear,389,0,-0.467651,-0.566592,-0.003991,-0.7003,0.0,1,heavy,1,heavy
clear,391,0,-0.007619,-0.119436,-6.4e-05,0.0,0.0,1,heavy,1,heavy
clear,393,0,-0.885962,-0.689534,-0.995657,-0.7269,0.0,0,heavy,0,heavy
clear,394,2,-0.298605,-0.394574,-0.001524,-0.5423,0.0,2,heavy,0,cheap
clear,399,0,-0.239007,-0.197047,-0.012087,-0.34,0.0,0,cheap,0,cheap
clear,400,0,0.177193,0.159733,-0.004345,0.4339,0.0,1,heavy,1,heavy
clear,401,0,-0.113579,-0.036227,-0.000156,0.0,-1.0,1,heavy,1,heavy
clear,402,0,-0.173865,-0.070461,-0.002196,-0.4215,0.0,1,heavy,1,heavy
clear,404,0,-0.416366,-0.791595,-0.671869,-0.3182,0.0,1,heavy,1,heavy
clear,405,0,0.037096,0.300561,0.005438,0.0,0.0,0,heavy,0,heavy
clear,406,0,-0.154957,-0.241341,-0.314636,0.0,-1.0,0,cheap,1,heavy
clear,407,0,-0.272603,-0.680484,-0.013267,-0.4404,0.0,0,cheap,0,cheap
clear,408,0,-0.259275,-0.796372,0.000172,-0.3182,0.0,1,heavy,1,heavy
clear,411,0,0.236452,0.223202,0.00012,0.0516,1.0,1,heavy,1,heavy
clear,414,2,-0.075836,-0.645392,-0.999159,-0.34,0.0,1,heavy,1,heavy
clear,417,0,0.399352,0.105393,-0.160299,0.4767,0.0,1,heavy,1,heavy
clear,418,0,-0.471437,-0.605561,0.999478,-0.4019,0.0,1,heavy,1,heavy
clear,419,2,-0.635868,-0.583644,-0.008852,-0.5719,0.0,2,cheap,2,heavy
clear,420,0,-0.05425,-0.72566,-9.7e-05,-0.4215,0.0,0,heavy,0,heavy
clear,423,0,-0.495364,-0.613509,-0.000566,-0.4767,0.0,1,heavy,1,heavy
clear,425,0,-0.034581,0.061912,0.000157,0.0,0.0,1,heavy,1,heavy
clear,428,2,-0.026371,0.299703,0.000448,0.0,0.0,2,heavy,2,heavy
clear,429,0,-0.320876,-0.873564,-0.002564,-0.6705,0.0,0,heavy,0,heavy
clear,430,0,0.15047,0.130482,0.000196,0.296,0.0,1,heavy,0,cheap
clear,431,0,0.063727,0.176702,-0.61451,0.1796,0.0,2,cheap,2,cheap
clear,432,0,0.062181,-0.022726,-0.000375,0.0,0.0,1,heavy,1,heavy
clear,435,2,0.351634,0.360328,0.992931,0.4404,0.0,2,heavy,2,heavy
clear,436,0,-0.65741,-0.722492,-0.241171,-0.5267,0.0,1,heavy,1,heavy
clear,437,2,0.479092,0.306869,0.999737,0.25,0.0,2,heavy,2,heavy
clear,438,0,0.300237,0.198845,0.004161,0.34,0.0,1,heavy,1,heavy
clear,439,0,0.534056,0.513242,-0.000532,0.6124,0.0,0,heavy,0,heavy
clear,442,0,-0.067882,0.153166,0.998269,-0.0772,0.0,1,heavy,1,heavy
clear,444,2,-0.789373,-0.652856,0.080009,-0.8316,0.0,2,heavy,2,cheap
clear,445,2,-0.644987,-0.530096,-4.2e-05,-0.8481,0.0,2,heavy,2,cheap
clear,446,0,-0.586121,-0.231692,-0.362418,-0.8399,-1.0,0,heavy,0,heavy
clear,449,2,0.20828,-0.499719,0.000666,0.4215,-1.0,1,heavy,1,heavy
clear,450,0,-0.654458,-0.875505,-0.035406,-0.5994,0.0,1,heavy,1,heavy
clear,453,2,-0.403379,-0.082639,0.943258,-0.4019,0.0,2,cheap,2,cheap
clear,454,0,-0.161615,-0.240518,-0.000101,0.0,0.0,1,heavy,1,heavy
clear,455,0,-0.471092,-0.485506,-0.00017,-0.4404,0.0,1,heavy,1,heavy
clear,456,2,-0.609636,-0.644939,-0.028442,-0.7003,0.0,1,heavy,1,heavy
clear,458,0,-0.034711,0.013241,-0.000655,0.0,0.0,1,heavy,1,heavy
clear,461,2,-0.433591,-0.314127,-0.996399,-0.5267,0.0,1,heavy,1,heavy
clear,462,0,-0.698502,-0.572565,-0.740873,-0.8402,0.0,1,heavy,0,cheap
clear,463,0,-0.014873,0.061293,-1e-06,-0.1779,0.0,1,heavy,1,heavy
clear,464,0,0.355804,0.160979,0.000661,0.4767,0.0,0,cheap,0,heavy
clear,465,0,-0.536557,-0.676331,0.00168,-0.7964,1.0,1,heavy,1,heavy
clear,466,0,0.022414,-0.180035,-0.948631,0.0,0.0,1,heavy,1,heavy
clear,469,0,-0.670797,-0.196741,6.8e-05,-0.7073,0.0,1,heavy,1,heavy
clear,471,2,-0.006384,-0.258572,-0.001553,0.0,0.0,2,cheap,2,cheap
clear,474,0,0.020661,-0.489548,0.935527,0.1027,0.0,0,cheap,0,cheap
clear,475,0,0.353744,-0.091665,-0.554174,0.5334,0.0,0,heavy,0,heavy
clear,477,2,0.564725,0.0889,-0.000344,0.6369,0.0,2,cheap,2,cheap
clear,478,2,-0.054372,-0.160068,-0.000109,0.0,0.0,2,heavy,2,cheap
clear,479,0,0.326812,-0.062915,-0.000768,0.5574,0.0,1,heavy,1,heavy
clear,482,2,-0.180496,0.303683,-0.000146,0.0,0.0,1,heavy,1,heavy
clear,485,2,0.529243,0.282198,0.999524,0.8271,-1.0,1,heavy,1,heavy
clear,486,0,0.041021,-0.249532,-0.000344,0.0,0.0,0,cheap,0,heavy
clear,487,2,0.168784,0.610701,0.00068,0.128,0.0,1,heavy,1,heavy
clear,488,0,-0.45256,-0.350854,-8.1e-05,-0.4215,0.0,0,heavy,0,heavy
clear,489,0,0.440739,0.109246,0.000274,0.3774,0.0,1,heavy,0,cheap
clear,490,0,0.347358,0.242559,0.002667,0.0,0.0,0,cheap,0,heavy
clear,491,0,-0.727571,-0.595409,0.111762,-0.7096,0.0,1,heavy,1,heavy
clear,493,0,0.221688,0.252561,-0.000768,0.4019,0.0,1,heavy,0,cheap
clear,494,2,-0.527659,-0.489382,-0.999132,-0.561,0.0,2,cheap,2,cheap
clear,495,0,0.492468,0.175176,-0.000151,0.5574,0.0,0,cheap,0,cheap
clear,499,0,-0.447851,-0.358839,-0.001499,-0.5984,0.0,0,cheap,0,cheap
clear,500,2,0.432166,0.531476,-0.000341,0.765,0.0,2,heavy,2,cheap
clear,505,0,0.377738,0.403156,-1e-06,0.6369,0.0,0,cheap,0,cheap
clear,508,0,-0.095897,-0.298642,-5.3e-05,-0.296,0.0,1,heavy,0,cheap
clear,509,0,-0.056205,-0.100879,-9e-05,0.0258,0.0,0,heavy,0,heavy
clear,511,0,-0.568421,-0.52525,0.094053,-0.4588,0.0,0,cheap,1,heavy
clear,514,0,-0.368829,-0.390755,-0.977164,-0.5267,0.0,1,heavy,1,heavy
clear,519,0,0.684218,0.880662,0.000283,0.7579,0.0,1,heavy,1,heavy
clear,520,0,0.501808,0.325202,3.4e-05,0.7351,0.0,1,heavy,1,heavy
clear,521,0,0.179191,0.36991,0.00018,0.5707,0.0,0,cheap,0,cheap
clear,522,2,0.058377,-0.098265,-0.000986,0.0,0.0,1,heavy,1,heavy
clear,523,0,0.522799,0.959969,0.960553,0.8591,0.0,0,heavy,0,heavy
clear,525,2,-0.288519,-0.506801,-0.000331,-0.4391,0.0,1,heavy,1,heavy
clear,528,2,0.011805,-0.12924,-0.000155,0.1531,0.0,1,heavy,1,heavy
clear,529,0,0.320219,0.057812,-0.001353,0.3182,0.0,0,heavy,0,cheap
clear,530,0,-0.035073,0.337088,-3e-05,0.0,0.0,0,cheap,0,cheap
clear,531,0,0.119813,-0.285419,-0.923166,0.1027,0.0,0,heavy,0,cheap
clear,532,2,0.179399,-0.185788,-0.001377,0.3182,0.0,2,cheap,2,cheap
clear,533,0,-0.486134,-0.617074,-0.99634,-0.34,0.0,2,heavy,0,cheap
clear,539,2,0.332455,-0.128532,5.8e-05,0.0,0.0,2,heavy,2,cheap
clear,540,0,0.299452,0.039637,9.7e-05,0.4215,0.0,0,heavy,0,cheap
clear,541,2,-0.038763,0.05523,-5.7e-05,0.0,0.0,1,heavy,1,heavy
clear,542,0,0.012272,0.016828,2.6e-05,0.0,0.0,1,heavy,0,cheap
clear,546,2,0.167189,-0.234244,-4.7e-05,0.4767,0.0,1,heavy,2,cheap
clear,547,0,0.525388,0.099117,0.998119,0.6597,0.0,0,heavy,0,cheap
clear,548,0,-0.648466,-0.863912,-0.983103,-0.9042,0.0,0,cheap,0,cheap
clear,550,0,-0.721137,-0.726921,-0.995622,-0.6369,0.0,1,heavy,1,heavy
clear,552,2,-0.811939,-0.464999,-0.001977,-0.7184,0.0,2,cheap,2,cheap
clear,553,0,0.641868,-0.058553,-0.000186,0.5499,0.0,0,heavy,0,heavy
clear,554,2,-0.194638,-0.70413,-0.001903,-0.4404,0.0,1,heavy,2,cheap
clear,555,0,0.14184,0.155704,0.998976,0.4767,0.0,0,cheap,0,cheap
clear,556,2,0.000753,-0.029518,-8.1e-05,0.0,0.0,2,cheap,1,heavy
clear,558,2,0.494038,0.557462,0.999753,0.5574,1.0,0,cheap,2,heavy
clear,560,2,-0.3905,-0.15224,-0.001031,-0.3182,0.0,2,heavy,2,heavy
clear,561,2,-0.31391,0.006186,-0.000115,-0.3818,0.0,2,cheap,1,heavy
clear,563,0,-0.035089,-0.543126,-0.000498,0.0,-1.0,1,heavy,1,heavy
clear,570,2,0.049382,-0.138602,2e-06,0.0,-1.0,1,heavy,1,heavy
clear,571,2,-0.623081,-0.348681,0.000198,-0.8957,0.0,2,heavy,2,cheap
clear,572,0,-0.155644,-0.455773,-0.000475,-0.2057,0.0,1,heavy,1,heavy
clear,573,2,-0.392397,-0.162834,-0.181294,-0.4767,0.0,1,heavy,1,heavy
clear,574,0,0.685085,0.608286,0.746535,0.6249,0.0,1,heavy,1,heavy
clear,575,0,-0.197106,-0.331468,-0.088024,-0.4767,0.0,0,heavy,0,heavy
clear,576,2,-0.095939,-0.246143,-0.694675,0.0,0.0,2,cheap,1,heavy
clear,577,2,0.265517,0.12242,-0.000164,0.2732,0.0,1,heavy,1,heavy
clear,579,0,-0.64153,-0.731225,-0.000148,-0.9148,0.0,1,heavy,1,heavy
clear,581,0,0.075949,-0.211217,0.999504,0.1779,0.0,2,cheap,0,heavy
clear,582,0,-0.642771,-0.601408,-0.000784,-0.3919,0.0,0,heavy,0,heavy
clear,586,0,-0.752989,-0.471607,-0.997424,-0.6249,0.0,1,heavy,1,heavy
clear,588,0,-0.139243,-0.10693,0.001677,0.0,0.0,1,heavy,1,heavy
clear,589,0,0.023465,-0.289279,-0.00062,0.0,0.0,1,heavy,1,heavy
clear,591,2,-0.004902,0.044379,0.000213,0.0,0.0,1,heavy,1,heavy
clear,592,0,0.739134,0.269644,-0.998516,0.7351,0.0,1,heavy,1,heavy
clear,595,0,-0.245564,-0.696607,-0.995175,-0.4767,0.0,0,heavy,0,cheap
clear,597,0,-0.053896,-0.125636,-0.000459,0.0,0.0,0,heavy,0,heavy
clear,598,2,0.609514,0.440486,0.97746,0.6597,0.0,1,heavy,1,heavy
clear,599,0,0.07122,-0.222335,0.002081,0.25,0.0,0,heavy,0,cheap
clear,601,0,0.202504,-0.231849,0.001404,0.1027,0.0,1,heavy,1,heavy
clear,602,0,0.051739,0.739759,-0.023641,0.128,-1.0,1,heavy,1,heavy
clear,604,0,-0.45085,-0.568375,-0.000402,-0.4939,0.0,1,heavy,1,heavy
clear,607,0,-0.165599,-0.146304,-0.998655,-0.25,0.0,2,cheap,1,heavy
clear,611,0,0.409126,0.040518,-0.000147,0.4019,0.0,1,heavy,1,heavy
clear,613,2,-0.09817,-0.577105,-0.002409,-0.0516,0.0,1,heavy,1,heavy
clear,614,0,0.330052,0.194358,0.000271,0.4767,0.0,1,heavy,1,heavy
clear,615,0,0.473101,-0.219537,0.999761,0.5423,0.0,1,heavy,1,heavy
clear,616,2,-0.061053,-0.233951,-0.000191,-0.0542,0.0,1,heavy,1,heavy
clear,617,2,-0.01719,-0.611085,-0.018012,0.296,0.0,2,cheap,2,heavy
clear,618,2,-0.13043,-0.312623,-0.001034,0.0,0.0,1,heavy,1,heavy
clear,620,0,-0.14349,0.360664,-0.000574,-0.296,0.0,2,cheap,0,heavy
clear,623,2,-0.342102,-0.368058,0.615587,-0.34,0.0,1,heavy,1,heavy
clear,625,0,-0.767709,-0.658065,-0.013597,-0.5574,0.0,1,heavy,1,heavy
clear,626,2,0.231018,-0.109316,0.127702,0.4939,-1.0,2,heavy,2,heavy
clear,628,2,-0.003632,-0.055919,-1.9e-05,0.0,0.0,1,heavy,1,heavy
clear,629,0,0.315567,-0.039375,-0.000307,0.3182,0.0,1,heavy,0,cheap
clear,631,0,-0.093119,-0.246353,-0.000281,0.0,0.0,1,heavy,1,heavy
clear,632,2,-0.094696,0.122052,-0.990979,-0.2732,0.0,1,heavy,1,heavy
clear,633,2,-0.553207,-0.656139,0.954676,-0.3612,0.0,1,heavy,1,heavy
clear,634,0,-0.548508,-0.085459,0.00086,-0.6597,0.0,2,heavy,2,heavy
clear,635,0,0.164443,-0.158478,0.083074,0.0,0.0,1,heavy,1,heavy
clear,637,0,0.443052,0.313676,-0.998415,0.4939,0.0,0,cheap,0,cheap
clear,638,2,-0.023634,0.038473,-0.001438,0.0,0.0,1,heavy,2,cheap
clear,639,0,-0.748599,-0.813438,-0.992831,-0.8078,0.0,2,cheap,1,heavy
clear,641,0,-0.062274,-0.079438,0.129258,0.0,0.0,1,heavy,1,heavy
clear,642,2,-0.043354,-0.176681,-0.000145,0.1593,0.0,1,heavy,1,heavy
clear,643,0,0.365759,0.525016,-0.013603,0.6705,0.0,0,cheap,2,heavy
clear,644,0,-0.148713,-0.206132,-0.000474,0.0,0.0,1,heavy,1,heavy
clear,645,0,0.210618,-0.009575,-0.000266,0.3612,0.0,1,heavy,1,heavy
clear,648,2,-0.413075,-0.386324,-0.690921,-0.5574,0.0,1,heavy,2,cheap
clear,649,2,-0.617208,-0.486366,-0.003139,-0.5859,0.0,2,heavy,2,heavy
clear,651,0,-0.722492,-0.636973,-0.999089,-0.2732,-1.0,0,heavy,0,cheap
clear,652,0,-0.454059,-0.306186,-0.007739,-0.7269,0.0,1,heavy,0,cheap
clear,653,0,-0.109185,-0.388099,-0.000639,-0.1783,0.0,2,heavy,2,heavy
clear,655,0,-0.080722,-0.535165,-0.000149,0.0,0.0,1,heavy,1,heavy
clear,657,0,-0.001236,-0.361652,-0.076545,0.0,0.0,1,heavy,1,heavy
clear,659,2,-0.753237,-0.766279,-0.00048,-0.9716,-1.0,1,heavy,1,heavy
clear,660,2,0.350183,0.208764,-3.5e-05,0.7783,-1.0,0,cheap,0,cheap
clear,662,0,0.444106,0.565169,-0.000147,0.6666,0.0,0,cheap,0,heavy
clear,664,0,-0.006261,0.047694,-4.2e-05,0.0,0.0,1,heavy,1,heavy
clear,665,0,-0.030142,-0.028916,-9e-06,0.0,0.0,1,heavy,1,heavy
clear,666,0,-0.041549,-0.187323,-0.02153,-0.0018,0.0,0,heavy,0,heavy
clear,672,0,-0.198365,-0.590949,-0.000625,-0.4963,0.0,1,heavy,1,heavy
clear,673,0,0.650081,0.119678,0.999105,0.4939,0.0,1,heavy,1,heavy
clear,677,2,-0.280718,-0.511758,-0.963796,-0.4703,0.0,1,heavy,1,heavy
clear,681,2,0.050812,0.22894,-0.000196,0.0,0.0,2,heavy,2,heavy
clear,683,0,-0.042251,-0.070908,-9.5e-05,0.0,0.0,2,cheap,1,heavy
clear,684,0,0.141596,0.190394,0.000512,0.0,0.0,1,heavy,1,heavy
clear,686,0,0.097279,0.577266,0.00023,0.4404,0.0,1,heavy,1,heavy
clear,688,0,-0.073239,-0.33689,-0.006024,-0.1189,0.0,0,cheap,0,heavy
clear,689,0,0.293758,0.275633,0.998971,0.4939,0.0,1,heavy,1,heavy
clear,691,0,0.086571,0.084751,-0.00015,0.0,0.0,1,heavy,1,heavy
clear,692,0,0.547348,0.313208,0.881207,0.4939,0.0,1,heavy,1,heavy
clear,693,0,0.574156,0.121948,-0.992434,0.5267,0.0,0,heavy,0,heavy
clear,694,2,-0.435966,-0.647259,-0.001336,-0.2732,-1.0,1,heavy,1,heavy
clear,695,0,0.637783,0.687729,0.999737,0.7044,0.0,1,heavy,1,heavy
clear,696,2,-0.242325,-0.469564,-0.000258,0.0,0.0,1,heavy,1,heavy
clear,698,0,0.012272,0.002671,2e-06,0.0,0.0,2,cheap,1,heavy
clear,700,2,-0.658262,-0.604355,-0.000912,-0.6705,0.0,1,heavy,1,heavy
clear,701,0,0.447733,0.165578,0.999723,0.7717,0.0,1,heavy,0,cheap
clear,702,0,-0.006056,0.220018,-0.000574,0.0,0.0,0,heavy,0,heavy
clear,703,0,-0.196269,-0.524973,0.999115,-0.2006,0.0,2,cheap,0,heavy
clear,706,2,0.275429,-0.201323,4.4e-05,0.4588,0.0,1,heavy,1,heavy
clear,707,0,-0.106219,-0.449015,-0.91996,-0.296,0.0,1,heavy,1,heavy
clear,709,0,-0.097474,-0.030716,-0.000675,0.0,0.0,1,heavy,1,heavy
clear,710,0,-0.443736,-0.346602,-2e-05,-0.5106,0.0,1,heavy,1,heavy
clear,712,2,-0.371197,-0.316001,0.004884,-0.5256,0.0,2,cheap,2,cheap
clear,713,2,0.2691,-0.31596,-0.000173,0.0,0.0,0,heavy,0,cheap
clear,714,0,0.394325,0.696785,0.994944,0.6486,-1.0,0,cheap,1,heavy
clear,715,2,0.353501,0.671517,0.998333,0.5106,0.0,1,heavy,1,heavy
clear,716,2,0.112562,-0.494172,-0.482249,0.3291,0.0,1,heavy,1,heavy
clear,717,2,0.055636,0.011709,-8.1e-05,0.0,0.0,1,heavy,1,heavy
clear,719,2,0.12744,0.206734,-0.000517,0.34,0.0,1,heavy,1,heavy
clear,720,0,-0.283214,-0.174072,0.001047,-0.4767,0.0,1,heavy,1,heavy
clear,721,0,-0.443476,-0.083439,-9.4e-05,-0.3818,0.0,1,heavy,0,cheap
clear,722,0,-0.729856,-0.804726,-0.002566,-0.5106,-1.0,1,heavy,1,heavy
clear,723,0,-0.105769,0.167559,-0.000862,0.0,0.0,2,heavy,2,heavy
clear,725,2,0.780748,0.63937,0.999754,0.9382,0.0,2,cheap,2,cheap
clear,726,2,-0.463279,-0.15812,-0.116502,-0.4019,0.0,1,heavy,1,heavy
clear,729,2,-0.248084,-0.101644,-0.005118,0.0,0.0,2,cheap,2,heavy
clear,732,0,-0.179176,0.349268,-0.171894,-0.3818,0.0,1,heavy,1,heavy
clear,733,0,-0.305568,-0.23416,-0.993847,-0.4767,0.0,0,heavy,0,heavy
clear,734,0,0.020248,-0.091157,5.8e-05,0.0,0.0,1,heavy,1,heavy
clear,735,2,0.885095,0.567309,0.977078,0.8442,0.0,2,cheap,2,cheap
clear,737,2,-0.136537,-0.255831,-7.1e-05,0.0,0.0,1,heavy,1,heavy
clear,738,2,0.343779,0.254263,-0.000843,0.5423,0.0,2,heavy,2,heavy
clear,739,2,-0.356516,-0.649621,-0.000142,-0.5859,0.0,2,cheap,2,heavy
clear,740,0,0.06293,0.027365,-0.011088,0.0,0.0,0,cheap,1,heavy
clear,741,0,-0.658617,-0.569268,-0.975662,-0.6369,-1.0,1,heavy,1,heavy
clear,742,2,-0.333851,-0.039829,0.002221,-0.4019,0.0,1,heavy,1,heavy
clear,743,2,0.006112,-0.433678,-0.000148,0.0276,0.0,1,heavy,1,heavy
clear,744,0,0.542865,0.209469,3.6e-05,0.8481,0.0,1,heavy,1,heavy
clear,745,0,-0.170566,-0.059168,-0.001621,-0.1531,0.0,0,cheap,0,cheap
clear,748,0,-0.315548,-0.326441,-0.001488,-0.4215,0.0,0,cheap,0,cheap
clear,750,0,-0.147067,-0.070466,-5.2e-05,-0.0516,0.0,1,heavy,0,cheap
clear,751,0,0.723945,0.812842,0.300307,0.8271,0.0,1,heavy,1,heavy
clear,753,0,0.16784,0.417175,-0.000301,0.0,0.0,0,heavy,0,heavy
clear,756,0,-0.277219,-0.106977,-0.998678,-0.2732,-1.0,1,heavy,1,heavy
clear,757,0,-0.695109,-0.603248,-0.876919,-0.6705,0.0,1,heavy,0,cheap
clear,758,0,-0.341048,-0.247045,-0.4097,-0.5574,0.0,0,heavy,0,heavy
clear,760,0,-0.827864,-0.739522,-0.91691,-0.9337,0.0,1,heavy,1,heavy
clear,762,2,0.6372,0.923346,0.985653,0.8481,0.0,1,heavy,1,heavy
clear,765,2,0.575372,0.863563,0.999273,0.7574,0.0,2,heavy,2,heavy
clear,766,0,0.509544,-0.104892,0.000889,0.4939,0.0,0,cheap,2,heavy
clear,769,0,0.013423,-0.038827,-0.000786,0.0,0.0,1,heavy,1,heavy
clear,772,0,-0.445247,-0.196791,-0.471581,-0.1531,0.0,1,heavy,1,heavy
clear,775,0,-0.16207,0.037971,-0.000255,0.0,0.0,1,heavy,1,heavy
clear,780,0,-0.073948,0.009252,0.000257,0.0,0.0,0,heavy,0,cheap
clear,783,0,0.010859,0.365229,-0.016199,0.25,0.0,1,heavy,1,heavy
clear,784,2,-0.19143,0.035166,0.000938,-0.1531,0.0,1,heavy,1,heavy
clear,786,0,-0.738222,-0.589209,-0.835659,-0.9306,0.0,1,heavy,0,cheap
clear,787,0,-0.003271,0.234867,-0.000572,0.0258,0.0,0,heavy,0,cheap
clear,788,2,-0.477361,-0.400286,-0.981318,-0.5574,0.0,1,heavy,1,heavy
clear,789,2,-0.45186,-0.774874,0.001845,-0.6997,0.0,1,heavy,1,heavy
clear,792,2,-0.610375,-0.487624,-0.628013,-0.7003,0.0,2,heavy,2,heavy
clear,793,0,0.056278,-0.479063,0.001306,0.0,0.0,1,heavy,0,cheap
clear,794,2,-0.041435,-0.182506,-4.4e-05,-0.2263,0.0,1,heavy,1,heavy
clear,795,0,-0.346108,-0.715256,-0.033523,-0.4939,0.0,1,heavy,0,cheap
clear,797,0,0.620171,0.835064,0.999668,0.886,1.0,1,heavy,1,heavy
clear,798,0,-0.624924,-0.654006,-0.000746,-0.2732,0.0,1,heavy,1,heavy
clear,800,2,0.26263,0.011235,-2e-05,0.0,0.0,2,heavy,2,heavy
clear,802,0,-0.213568,-0.48468,-0.001651,-0.296,0.0,0,cheap,0,cheap
clear,803,0,0.510629,0.364663,0.556875,0.7906,0.0,1,heavy,1,heavy
clear,804,2,-0.650731,-0.819386,-0.161059,-0.8689,0.0,1,heavy,1,heavy
clear,805,2,0.521884,0.865663,0.999015,0.4939,0.0,1,heavy,1,heavy
clear,808,0,-0.257239,-0.247516,-0.000499,0.0,0.0,1,heavy,0,cheap
clear,809,2,-0.069183,-0.278656,-1.6e-05,0.0,0.0,2,heavy,2,heavy
clear,810,2,0.141289,-0.073646,-0.000113,0.0,0.0,2,heavy,2,cheap
clear,811,2,0.012272,0.187419,-3.9e-05,0.0,0.0,2,heavy,0,cheap
clear,812,0,-0.922434,-0.901645,-4.9e-05,-0.8674,-1.0,1,heavy,1,heavy
clear,813,0,-0.056051,-0.315117,-8e-05,0.0,0.0,0,heavy,0,heavy
clear,818,0,0.285632,0.583168,-6e-05,0.5423,0.0,2,heavy,2,cheap
clear,820,2,-0.516754,-0.709609,-0.000212,-0.6854,0.0,1,heavy,1,heavy
clear,822,2,0.066479,-0.072143,-0.93403,0.1531,0.0,1,heavy,1,heavy
clear,823,0,0.01941,-0.500304,-0.13801,0.2023,0.0,0,cheap,0,cheap
clear,826,0,-0.7293,-0.241146,-0.017436,0.0,0.0,1,heavy,0,cheap
clear,829,0,-0.044921,-0.176338,-0.008057,0.1531,0.0,2,heavy,0,cheap
clear,832,0,-0.177165,-0.194438,-0.998382,-0.5423,0.0,1,heavy,1,heavy
clear,834,0,-0.321983,-0.416269,0.001686,-0.4767,0.0,0,heavy,0,heavy
clear,836,2,-0.092687,-0.091785,-6.6e-05,0.0,0.0,2,heavy,2,heavy
clear,837,2,-0.436002,-0.138333,-0.000564,-0.296,0.0,1,heavy,1,heavy
clear,838,2,-0.095645,-0.03011,-0.000266,0.0,0.0,2,cheap,2,cheap
clear,840,0,0.351726,0.189592,-0.739497,0.2732,0.0,0,cheap,0,cheap
clear,842,0,0.22532,0.329416,-0.000406,0.5719,0.0,0,heavy,0,heavy
clear,843,0,-0.539174,-0.531247,-0.000288,-0.6369,0.0,1,heavy,0,cheap
clear,846,0,-0.605527,-0.712584,-0.459069,-0.4939,0.0,1,heavy,1,heavy
clear,848,2,-0.354306,-0.314572,0.002444,-0.5106,0.0,1,heavy,1,heavy
clear,850,2,-0.128692,-0.590303,-0.99865,0.0,-1.0,2,heavy,2,cheap
clear,851,0,0.124231,0.008045,0.003464,0.0,0.0,1,heavy,1,heavy
clear,853,2,-0.348858,-0.223691,0.000103,-0.25,0.0,1,heavy,1,heavy
clear,856,0,0.306189,0.485944,-3.2e-05,0.4767,0.0,0,cheap,0,cheap
clear,857,0,-0.486025,-0.235389,0.000243,-0.4939,-1.0,1,heavy,1,heavy
clear,858,0,0.001122,-0.191283,-0.000159,0.0,0.0,0,heavy,0,cheap
clear,859,0,-0.053674,-0.834593,-0.983934,-0.1027,-1.0,1,heavy,1,heavy
clear,862,0,-0.632664,-0.698397,-0.005458,-0.6249,0.0,1,heavy,1,heavy
clear,863,0,-0.36071,-0.614215,-0.98404,-0.2263,-1.0,1,heavy,1,heavy
clear,866,0,0.824466,0.809345,0.999745,0.9531,0.0,0,cheap,1,heavy
clear,867,2,-0.117753,-0.681208,0.441319,-0.4019,0.0,1,heavy,1,heavy
clear,869,0,0.042789,0.16429,-0.000174,0.0772,0.0,2,heavy,2,cheap
clear,870,2,0.306652,0.445464,-4.6e-05,0.4767,0.0,2,heavy,2,heavy
clear,872,0,0.109345,-0.165982,-0.000132,0.0,0.0,1,heavy,1,heavy
clear,874,0,-0.08834,0.178815,0.000541,0.0,0.0,0,cheap,1,heavy
clear,875,0,0.075746,0.193931,0.00015,0.2144,0.0,1,heavy,1,heavy
clear,877,2,0.398571,0.656702,0.999534,0.5106,0.0,1,heavy,1,heavy
clear,878,2,-0.559308,-0.814558,-0.994346,-0.9717,0.0,0,heavy,0,heavy
clear,879,2,-0.199255,0.42666,-0.000166,0.0,0.0,2,cheap,1,heavy
clear,880,0,0.154868,-0.686138,0.023023,0.0,0.0,1,heavy,1,heavy
clear,884,2,-0.164239,0.164674,-0.00049,0.0,0.0,2,cheap,2,cheap
clear,890,2,-0.14217,0.187609,-0.000135,0.0,0.0,1,heavy,1,heavy
clear,892,0,0.172213,0.028002,-0.000189,0.0,0.0,1,heavy,1,heavy
clear,893,2,0.413788,0.635773,0.001107,0.0,0.0,1,heavy,1,heavy
clear,896,0,-0.418712,-0.798534,-0.686869,-0.9661,0.0,1,heavy,1,heavy
clear,899,0,-0.612481,-0.613259,-0.552629,-0.5095,0.0,1,heavy,0,cheap
clear,900,0,-0.156383,-0.160239,-0.991346,-0.0382,0.0,2,cheap,1,heavy
clear,901,0,-0.304302,0.02302,-0.206874,0.0,0.0,0,cheap,0,heavy
clear,902,0,-0.371451,-0.102918,-0.000719,0.0,0.0,1,heavy,1,heavy
clear,903,0,0.713073,0.798162,0.999436,0.9152,0.0,1,heavy,0,cheap
clear,907,2,-0.170245,-0.297031,-0.478222,0.0516,0.0,2,heavy,2,heavy
clear,908,0,0.585195,0.718855,-1.3e-05,0.8591,0.0,2,cheap,2,cheap
clear,915,0,-0.89612,-0.887322,-0.894944,-0.8176,0.0,1,heavy,1,heavy
clear,917,2,0.773432,0.519026,6.8e-05,0.886,0.0,2,heavy,2,heavy
clear,919,2,0.190753,0.026533,0.01218,0.2732,0.0,2,cheap,2,heavy
clear,920,2,-0.632879,-0.318971,0.995711,-0.4767,0.0,2,cheap,2,cheap
clear,922,2,-0.250503,0.026336,-0.001843,0.2023,0.0,1,heavy,1,heavy
clear,923,0,0.393429,0.521102,0.676911,0.4404,0.0,1,heavy,1,heavy
clear,924,2,0.798393,0.397933,0.007123,0.5267,0.0,2,heavy,2,heavy
clear,925,0,0.256125,0.330295,-0.000202,0.3612,0.0,1,heavy,1,heavy
clear,926,2,-0.132232,-0.503201,-0.000581,0.0,0.0,2,cheap,2,heavy
clear,929,0,-0.243811,-0.197417,0.928349,-0.3818,0.0,1,heavy,1,heavy
clear,930,2,0.159159,0.170864,0.931604,0.0,0.0,1,heavy,2,cheap
clear,934,2,-0.043931,-0.179593,0.000431,0.0,0.0,2,heavy,2,heavy
clear,935,0,-0.039872,-0.153525,-0.000489,0.0,0.0,2,heavy,2,heavy
clear,937,0,0.128566,0.212509,-6.9e-05,0.0,0.0,1,heavy,1,heavy
clear,940,2,0.260986,0.042167,-0.024377,0.25,0.0,2,cheap,2,cheap
clear,941,0,0.091768,0.071989,-0.003767,0.3875,0.0,1,heavy,1,heavy
clear,942,0,0.20253,0.77374,0.996884,0.4019,0.0,1,heavy,1,heavy
clear,943,0,-0.099405,-0.004117,0.004063,-0.0772,0.0,0,heavy,0,cheap
clear,944,2,0.472096,0.14876,-0.105383,0.4404,0.0,1,heavy,1,heavy
clear,945,0,-0.233817,-0.146172,-0.000137,-0.0772,0.0,1,heavy,1,heavy
clear,946,2,-0.262831,0.021856,-0.744579,-0.25,0.0,1,heavy,1,heavy
clear,947,0,0.653353,0.548979,0.049206,0.7506,1.0,1,heavy,1,heavy
clear,951,2,-0.1307,0.413065,-4.7e-05,0.0,0.0,1,heavy,1,heavy
clear,952,2,-0.078134,0.263033,-0.001852,0.0,0.0,1,heavy,1,heavy
clear,955,0,0.46258,0.100949,-0.000294,0.4215,0.0,1,heavy,1,heavy
clear,956,2,0.000211,0.093853,0.000394,0.0,0.0,2,cheap,2,cheap
clear,957,0,0.689957,0.480112,-0.985829,0.7184,0.0,2,heavy,2,heavy
clear,958,0,0.158307,-0.150254,-0.988597,0.1027,0.0,0,heavy,0,heavy
clear,960,2,-0.105946,0.195069,0.006026,0.0,0.0,2,heavy,2,heavy
clear,961,2,-0.042976,-0.043498,1.5e-05,0.0,0.0,2,heavy,2,heavy
clear,962,0,0.053535,0.424873,-0.264234,0.0,0.0,1,heavy,1,heavy
clear,963,0,-0.006784,-0.539046,-0.00018,0.0,0.0,1,heavy,2,cheap
clear,964,2,-0.18434,0.053562,-0.000686,0.0,0.0,1,heavy,1,heavy
clear,965,0,-0.321132,-0.428087,7e-06,-0.5267,0.0,1,heavy,1,heavy
clear,966,2,-0.323472,-0.28442,-0.000119,-0.555,0.0,1,heavy,1,heavy
clear,967,0,0.038259,0.141098,-0.994895,0.2584,0.0,1,heavy,0,cheap
clear,968,2,-0.14924,-0.165349,0.015347,-0.3415,0.0,0,cheap,0,cheap
clear,969,0,0.168925,0.106046,-0.106259,0.2732,0.0,0,heavy,0,heavy
clear,971,0,-0.02124,0.249747,-0.000148,0.0,0.0,1,heavy,1,heavy
clear,972,0,0.702258,0.705063,0.42606,0.8402,0.0,0,heavy,0,cheap
clear,973,0,-0.213578,-0.647044,-0.599565,-0.3818,0.0,0,heavy,0,cheap
clear,974,0,0.177838,0.40779,-0.000333,0.5106,0.0,0,heavy,0,heavy
clear,975,2,-0.048249,0.063902,-0.963111,0.0,0.0,1,heavy,2,cheap
clear,977,2,-0.209889,-0.257347,7e-06,-0.1406,-1.0,1,heavy,1,heavy
clear,978,2,-0.372757,-0.72798,-0.488691,-0.4767,0.0,1,heavy,1,heavy
clear,979,2,-0.620829,-0.545406,-0.997421,-0.6597,0.0,2,heavy,2,heavy
clear,981,0,0.040432,-0.177501,-0.00042,-0.3612,0.0,0,heavy,0,cheap
clear,982,2,0.200173,-0.268609,-0.000426,0.0036,0.0,1,heavy,1,heavy
clear,985,0,0.450786,0.540122,-7.4e-05,0.5859,0.0,1,heavy,0,cheap
clear,986,2,0.049751,-0.194031,-0.01103,0.0516,0.0,1,heavy,1,heavy
clear,988,0,0.249289,0.247732,0.000197,0.3612,0.0,1,heavy,0,cheap
clear,989,2,0.247302,0.183261,-5e-06,0.4019,0.0,1,heavy,1,heavy
clear,990,2,0.608862,0.243025,0.000692,0.7184,0.0,2,cheap,2,heavy
clear,991,0,-0.585935,-0.241982,-0.69811,-0.5859,0.0,1,heavy,1,heavy
clear,992,0,-0.33803,-0.210603,0.001634,0.0516,0.0,1,heavy,1,heavy
clear,993,0,-0.017204,0.196716,0.008297,0.0,0.0,1,heavy,1,heavy
clear,995,2,-0.229745,-0.565964,-0.215068,-0.6369,0.0,1,heavy,1,heavy
clear,996,0,-0.923568,-0.196541,-0.004489,-0.6597,0.0,0,cheap,0,heavy
clear,997,0,-0.004447,-0.292075,-7.9e-05,0.0,0.0,0,cheap,1,heavy
clear,999,2,-0.104115,-0.020964,0.000255,0.0,0.0,1,heavy,1,heavy
clear,1001,0,0.122312,-0.007016,-0.011774,0.5023,0.0,0,heavy,0,heavy
clear,1003,0,0.002127,-0.460139,-0.002055,0.1999,0.0,1,heavy,1,heavy
clear,1004,2,0.666012,0.587328,0.994599,0.882,0.0,1,heavy,1,heavy
clear,1005,0,-0.253423,0.096754,-0.000209,0.0,0.0,0,cheap,0,heavy
clear,1006,0,-0.069991,-0.16784,0.000163,0.0,0.0,0,cheap,0,heavy
clear,1010,2,0.624076,0.466309,-0.932005,0.8622,0.0,2,cheap,2,cheap
clear,1011,2,0.443988,0.386679,-0.000349,0.4939,0.0,2,heavy,2,heavy
clear,1013,2,-0.121571,-0.014159,-0.000345,0.0,0.0,1,heavy,1,heavy
clear,1014,0,0.431384,0.451939,0.013402,0.5859,0.0,1,heavy,1,heavy
clear,1016,2,-0.540201,-0.504166,-0.000539,-0.4404,0.0,1,heavy,1,heavy
clear,1018,0,-0.415196,-0.441969,-7.6e-05,-0.2732,-1.0,1,heavy,1,heavy
clear,1019,0,0.295405,0.358655,0.861789,0.4926,0.0,1,heavy,1,heavy
clear,1024,0,-0.021097,-0.020007,-0.934437,0.0516,0.0,1,heavy,1,heavy
clear,1025,0,0.266046,0.141463,-0.000103,0.4019,0.0,1,heavy,1,heavy
clear,1026,2,-0.478082,-0.703401,-0.00026,-0.4877,0.0,2,cheap,2,heavy
clear,1027,0,0.124678,-0.025115,-3.3e-05,0.4864,0.0,1,heavy,1,heavy
clear,1029,2,-0.424824,-0.542026,-0.000431,-0.5423,0.0,1,heavy,1,heavy
clear,1030,2,-0.094564,-0.15497,0.007511,0.1027,0.0,2,cheap,2,cheap
clear,1035,0,0.104276,0.241165,-0.000952,0.128,0.0,1,heavy,1,heavy
clear,1037,0,-0.024275,-0.195374,0.791112,0.0,0.0,1,heavy,1,heavy
clear,1038,0,-0.320565,-0.37819,-8.9e-05,0.0,0.0,1,heavy,1,heavy
clear,1039,0,0.609458,0.300214,-0.000204,0.4939,0.0,1,heavy,1,heavy
clear,1040,2,-0.657368,-0.736657,-0.778507,-0.8591,0.0,1,heavy,1,heavy
clear,1043,2,0.575824,0.70986,0.008749,0.6705,0.0,1,heavy,1,heavy
clear,1046,2,0.691407,0.415313,0.00373,0.6369,0.0,1,heavy,1,heavy
clear,1047,0,-0.077169,-0.002472,-7.3e-05,0.0,0.0,0,heavy,0,heavy
clear,1048,2,0.157588,-0.435703,-0.006468,0.1027,-1.0,1,heavy,1,heavy
clear,1049,0,0.171274,-0.068985,0.000497,0.0,0.0,1,heavy,1,heavy
clear,1050,0,-0.779511,-0.420549,0.999436,-0.2263,0.0,0,heavy,0,heavy
clear,1053,0,-0.040851,-0.577733,-0.001686,-0.2732,0.0,1,heavy,1,heavy
clear,1057,0,0.035477,-0.186967,-0.02058,0.1027,0.0,1,heavy,1,heavy
clear,1059,2,0.093566,0.053214,-7.5e-05,0.1531,0.0,0,cheap,1,heavy
clear,1060,2,-0.036224,0.119081,-0.007132,-0.1027,0.0,1,heavy,1,heavy
clear,1061,0,0.33797,0.765312,0.206369,0.4215,0.0,0,cheap,0,heavy
clear,1062,0,0.438416,0.172792,0.999572,0.4404,0.0,1,heavy,1,heavy
clear,1065,0,0.035158,0.238158,0.000671,0.0,0.0,1,heavy,1,heavy
neutral,2,1,-0.000134,-0.050798,-0.000729,0.0,0.0,1,heavy,1,heavy
neutral,4,1,0.286662,0.137738,-0.999097,0.5859,0.0,0,heavy,0,heavy
neutral,8,1,-0.232827,0.333091,-0.212583,0.296,0.0,1,heavy,1,heavy
neutral,12,1,-0.044701,-0.131787,-0.000106,0.0,0.0,1,heavy,1,heavy
neutral,13,1,0.319188,0.315233,0.978688,0.34,0.0,2,heavy,2,heavy
neutral,18,1,0.046023,-0.111056,-3.6e-05,0.0,0.0,1,heavy,1,heavy
neutral,19,1,0.139902,0.016068,6.9e-05,0.0,0.0,1,heavy,1,heavy
neutral,20,1,0.777739,0.60268,0.99979,0.4767,0.0,2,cheap,2,cheap
neutral,21,1,-0.398173,-0.144282,-0.223326,-0.4215,0.0,1,heavy,1,heavy
neutral,25,1,0.111244,-0.039513,-0.000104,0.0,0.0,1,heavy,1,heavy
neutral,26,1,0.183904,0.143839,0.000193,0.3818,0.0,1,heavy,1,heavy
neutral,28,1,-0.244369,-0.087743,8.3e-05,0.0,0.0,1,heavy,1,heavy
neutral,30,1,-0.045812,-0.107635,-0.000208,0.0,0.0,1,heavy,1,heavy
neutral,31,1,0.183363,0.269714,0.008606,0.0,0.0,1,heavy,1,heavy
neutral,34,1,0.087863,-0.395088,-0.001931,0.128,0.0,1,heavy,1,heavy
neutral,35,1,-0.11132,-0.066181,-0.000129,-0.296,0.0,1,heavy,1,heavy
neutral,43,1,0.084875,0.079372,-0.000461,0.0,0.0,1,heavy,1,heavy
neutral,44,1,0.293086,0.064962,-0.000125,0.2382,0.0,1,heavy,1,heavy
neutral,47,1,0.438163,0.387966,-0.000408,0.4019,0.0,1,heavy,1,heavy
neutral,48,1,-0.916271,-0.682239,-0.990163,-0.6369,0.0,0,cheap,0,cheap
neutral,60,1,0.194552,-0.088362,0.003052,0.0,0.0,1,heavy,1,heavy
neutral,61,1,0.144998,0.380939,-6.2e-05,0.0,0.0,1,heavy,1,heavy
neutral,62,1,-0.735332,-0.436174,-0.231936,-0.6705,0.0,0,cheap,1,heavy
neutral,64,1,0.225804,-0.290986,4e-05,0.4019,-1.0,1,heavy,1,heavy
neutral,72,1,-0.060353,0.309058,-0.0001,0.0,0.0,1,heavy,1,heavy
neutral,78,1,0.535512,0.407172,0.031039,0.7391,0.0,1,heavy,1,heavy
neutral,81,1,-0.846521,-0.306558,0.001596,-0.743,0.0,0,cheap,1,heavy
neutral,83,1,0.518705,0.265838,-0.000428,0.7351,0.0,1,heavy,1,heavy
neutral,84,1,-0.627598,-0.486285,-0.148759,-0.8591,0.0,0,cheap,1,heavy
neutral,85,1,-0.40915,-0.469689,0.022243,-0.6597,0.0,1,heavy,1,heavy
neutral,86,1,0.161442,-0.240205,-0.000212,0.3875,0.0,1,heavy,1,heavy
neutral,87,1,-0.043367,-0.078824,-0.000368,0.0,0.0,1,heavy,1,heavy
neutral,90,1,0.042899,-0.005235,-0.0001,0.128,0.0,1,heavy,1,heavy
neutral,91,1,-0.036998,-0.139788,-0.00015,0.0,0.0,1,heavy,1,heavy
neutral,92,1,0.612815,0.149065,0.031852,0.4939,0.0,2,cheap,1,heavy
neutral,93,1,-0.655319,-0.818014,-9.7e-05,-0.8674,0.0,0,cheap,0,cheap
neutral,94,1,-0.129706,0.173791,-0.998832,-0.1531,1.0,0,heavy,0,heavy
neutral,97,1,0.057233,-0.025389,-0.000206,0.0,0.0,1,heavy,1,heavy
neutral,100,1,0.211767,0.41441,0.001863,0.5423,0.0,1,heavy,1,heavy
neutral,102,1,-0.05488,0.256732,-0.000121,0.0,0.0,1,heavy,1,heavy
neutral,103,1,-0.530605,-0.417202,-0.561943,-0.8481,1.0,0,heavy,0,heavy
neutral,105,1,-0.241578,-0.153703,-0.001952,-0.1901,0.0,1,heavy,1,heavy
neutral,117,1,-0.113821,0.347493,0.002695,0.0,0.0,1,heavy,1,heavy
neutral,119,1,0.013091,0.063365,0.00148,0.0,0.0,1,heavy,1,heavy
neutral,122,1,0.150791,-0.359408,-0.000879,0.0,0.0,1,heavy,1,heavy
neutral,123,1,0.247802,0.082244,1.1e-05,0.2732,0.0,1,heavy,1,heavy
neutral,130,1,0.048043,-0.555152,-0.000101,0.0,0.0,1,heavy,1,heavy
neutral,137,1,-0.144995,-0.401954,-0.00032,-0.4404,0.0,1,heavy,1,heavy
neutral,139,1,0.059692,-0.090255,-4.6e-05,0.0,0.0,1,heavy,1,heavy
neutral,142,1,-0.618503,-0.48889,-5.7e-05,-0.4215,0.0,0,cheap,1,heavy
neutral,143,1,0.327961,0.130394,0.001106,0.4019,0.0,1,heavy,1,heavy
neutral,144,1,0.079131,-0.26214,0.003632,0.0258,0.0,1,heavy,1,heavy
neutral,148,1,0.242279,0.222148,2e-05,0.4019,0.0,1,heavy,1,heavy
neutral,151,1,-0.040918,-0.451291,-0.188475,-0.1779,0.0,1,heavy,1,heavy
neutral,153,1,-0.746503,-0.081545,-0.026211,-0.8126,0.0,0,cheap,1,heavy
neutral,156,1,0.034462,-0.369913,1.2e-05,0.0,0.0,1,heavy,1,heavy
neutral,158,1,-0.041926,0.166322,-0.000156,0.0,0.0,1,heavy,1,heavy
neutral,161,1,-0.341147,-0.72796,-0.145149,-0.296,-1.0,1,heavy,0,cheap
neutral,164,1,-0.142867,-0.097951,-0.004318,0.0,0.0,1,heavy,1,heavy
neutral,167,1,0.041762,-0.451129,-9.1e-05,0.0,0.0,1,heavy,1,heavy
neutral,172,1,0.545742,0.121141,0.649085,0.3818,0.0,2,heavy,2,heavy
neutral,177,1,0.071785,-0.052692,-0.000185,0.0,0.0,1,heavy,1,heavy
neutral,181,1,-0.173695,-0.144281,0.000411,0.0,0.0,1,heavy,1,heavy
neutral,183,1,-0.15177,-0.207224,6.3e-05,0.0,0.0,1,heavy,1,heavy
neutral,184,1,0.197663,0.166004,-0.000805,0.4939,0.0,1,heavy,1,heavy
neutral,185,1,0.016098,0.026531,-0.000208,0.0,0.0,1,heavy,1,heavy
neutral,187,1,-0.340137,-0.522848,-0.993673,-0.4404,0.0,0,heavy,0,heavy
neutral,188,1,-0.020703,-0.198653,4.7e-05,0.0,0.0,1,heavy,1,heavy
neutral,193,1,0.051037,0.014742,-6.1e-05,0.0,0.0,1,heavy,1,heavy
neutral,198,1,-0.011118,-0.084803,-0.019254,0.0,0.0,1,heavy,1,heavy
neutral,200,1,-0.559769,-0.249679,-0.025411,-0.4601,0.0,1,heavy,1,heavy
neutral,202,1,0.081289,-0.139213,-0.00081,0.4019,-1.0,1,heavy,1,heavy
neutral,206,1,-0.586343,-0.126193,-0.996688,-0.8481,0.0,0,heavy,0,heavy
neutral,208,1,-0.386932,-0.520586,0.000134,-0.6597,0.0,1,heavy,1,heavy
neutral,209,1,-0.17653,-0.12743,-0.00122,0.0,0.0,1,heavy,1,heavy
neutral,211,1,0.000233,0.268791,-9.3e-05,-0.0516,0.0,1,heavy,1,heavy
neutral,213,1,0.203888,-0.024003,0.024378,0.0,0.0,1,heavy,1,heavy
neutral,215,1,-0.358385,0.120365,-0.000116,-0.34,0.0,1,heavy,1,heavy
neutral,217,1,0.098892,0.121542,-0.998742,0.0,0.0,0,heavy,0,heavy
neutral,218,1,-0.345432,-0.262937,-0.003279,0.0,0.0,1,heavy,1,heavy
neutral,219,1,-0.137868,-0.209674,-0.000211,0.0,0.0,1,heavy,1,heavy
neutral,223,1,0.495332,0.109407,0.99918,0.4215,0.0,2,heavy,2,heavy
neutral,229,1,-0.486294,-0.738505,-9.9e-05,-0.7717,0.0,1,heavy,0,cheap
neutral,231,1,-0.605628,-0.256618,-0.021735,-0.296,0.0,0,cheap,1,heavy
neutral,234,1,-0.209773,-0.667333,0.648646,-0.296,0.0,2,heavy,0,cheap
neutral,235,1,0.087185,-0.100103,-0.000918,0.2584,0.0,1,heavy,1,heavy
neutral,236,1,-0.086061,0.046492,-0.000207,0.0,0.0,1,heavy,1,heavy
neutral,237,1,-0.504778,-0.155498,-0.234692,-0.5106,0.0,1,heavy,1,heavy
neutral,238,1,0.005966,0.119432,-0.000346,0.0258,0.0,1,heavy,1,heavy
neutral,244,1,-0.334013,-0.042598,-0.750674,-0.1655,0.0,0,heavy,0,heavy
neutral,246,1,0.572042,0.374245,0.001037,0.7506,0.0,1,heavy,1,heavy
neutral,249,1,0.318232,0.200952,-0.000153,0.4588,0.0,1,heavy,1,heavy
neutral,250,1,-0.12625,-0.097719,-4.6e-05,0.0,0.0,1,heavy,1,heavy
neutral,251,1,0.233011,0.07232,-3.5e-05,0.34,0.0,1,heavy,1,heavy
neutral,253,1,-0.467651,-0.566592,-0.003991,-0.7003,0.0,1,heavy,1,heavy
neutral,260,1,-0.173865,-0.070461,-0.002196,-0.4215,0.0,1,heavy,1,heavy
neutral,266,1,0.236452,0.223202,0.00012,0.0516,1.0,1,heavy,1,heavy
neutral,273,1,-0.034581,0.061912,0.000157,0.0,0.0,1,heavy,1,heavy
neutral,274,1,-0.026371,0.299703,0.000448,0.0,0.0,1,heavy,1,heavy
neutral,276,1,0.15047,0.130482,0.000196,0.296,0.0,1,heavy,1,heavy
neutral,278,1,0.062181,-0.022726,-0.000375,0.0,0.0,1,heavy,1,heavy
neutral,283,1,0.534056,0.513242,-0.000532,0.6124,0.0,1,heavy,1,heavy
neutral,291,1,-0.161615,-0.240518,-0.000101,0.0,0.0,1,heavy,1,heavy
neutral,292,1,-0.471092,-0.485506,-0.00017,-0.4404,0.0,1,heavy,1,heavy
neutral,294,1,-0.034711,0.013241,-0.000655,0.0,0.0,1,heavy,1,heavy
neutral,301,1,-0.670797,-0.196741,6.8e-05,-0.7073,0.0,0,cheap,1,heavy
neutral,302,1,-0.006384,-0.258572,-0.001553,0.0,0.0,1,heavy,1,heavy
neutral,305,1,0.564725,0.0889,-0.000344,0.6369,0.0,1,heavy,1,heavy
neutral,307,1,0.326812,-0.062915,-0.000768,0.5574,0.0,1,heavy,1,heavy
neutral,313,1,0.440739,0.109246,0.000274,0.3774,0.0,1,heavy,1,heavy
neutral,318,1,0.492468,0.175176,-0.000151,0.5574,0.0,1,heavy,1,heavy
neutral,322,1,-0.095897,-0.298642,-5.3e-05,-0.296,0.0,1,heavy,1,heavy
neutral,325,1,-0.368829,-0.390755,-0.977164,-0.5267,0.0,0,heavy,0,heavy
neutral,329,1,0.058377,-0.098265,-0.000986,0.0,0.0,1,heavy,1,heavy
neutral,332,1,0.011805,-0.12924,-0.000155,0.1531,0.0,1,heavy,1,heavy
neutral,334,1,-0.035073,0.337088,-3e-05,0.0,0.0,1,heavy,1,heavy
neutral,336,1,0.179399,-0.185788,-0.001377,0.3182,0.0,1,heavy,1,heavy
neutral,340,1,-0.038763,0.05523,-5.7e-05,0.0,0.0,1,heavy,1,heavy
neutral,341,1,0.012272,0.016828,2.6e-05,0.0,0.0,1,heavy,1,heavy
neutral,342,1,0.167189,-0.234244,-4.7e-05,0.4767,0.0,1,heavy,1,heavy
neutral,350,1,0.000753,-0.029518,-8.1e-05,0.0,0.0,1,heavy,1,heavy
neutral,353,1,-0.31391,0.006186,-0.000115,-0.3818,0.0,1,heavy,1,heavy
neutral,355,1,0.049382,-0.138602,2e-06,0.0,-1.0,1,heavy,1,heavy
neutral,362,1,0.265517,0.12242,-0.000164,0.2732,0.0,1,heavy,1,heavy
neutral,364,1,0.075949,-0.211217,0.999504,0.1779,0.0,2,heavy,2,heavy
neutral,367,1,-0.139243,-0.10693,0.001677,0.0,0.0,1,heavy,1,heavy
neutral,368,1,0.023465,-0.289279,-0.00062,0.0,0.0,1,heavy,1,heavy
neutral,369,1,-0.004902,0.044379,0.000213,0.0,0.0,1,heavy,1,heavy
neutral,372,1,-0.053896,-0.125636,-0.000459,0.0,0.0,1,heavy,1,heavy
neutral,373,1,0.609514,0.440486,0.97746,0.6597,0.0,2,cheap,2,heavy
neutral,378,1,-0.165599,-0.146304,-0.998655,-0.25,0.0,0,heavy,0,heavy
neutral,379,1,0.409126,0.040518,-0.000147,0.4019,0.0,1,heavy,1,heavy
neutral,381,1,0.330052,0.194358,0.000271,0.4767,0.0,1,heavy,1,heavy
neutral,384,1,-0.01719,-0.611085,-0.018012,0.296,0.0,1,heavy,0,cheap
neutral,385,1,-0.13043,-0.312623,-0.001034,0.0,0.0,1,heavy,1,heavy
neutral,386,1,-0.14349,0.360664,-0.000574,-0.296,0.0,1,heavy,1,heavy
neutral,390,1,-0.003632,-0.055919,-1.9e-05,0.0,0.0,1,heavy,1,heavy
neutral,392,1,-0.093119,-0.246353,-0.000281,0.0,0.0,1,heavy,1,heavy
neutral,395,1,-0.548508,-0.085459,0.00086,-0.6597,0.0,1,heavy,1,heavy
neutral,396,1,0.164443,-0.158478,0.083074,0.0,0.0,1,heavy,1,heavy
neutral,397,1,0.443052,0.313676,-0.998415,0.4939,0.0,0,heavy,0,heavy
neutral,398,1,-0.023634,0.038473,-0.001438,0.0,0.0,1,heavy,1,heavy
neutral,403,1,-0.148713,-0.206132,-0.000474,0.0,0.0,1,heavy,1,heavy
neutral,409,1,-0.109185,-0.388099,-0.000639,-0.1783,0.0,1,heavy,1,heavy
neutral,410,1,-0.080722,-0.535165,-0.000149,0.0,0.0,1,heavy,1,heavy
neutral,412,1,-0.753237,-0.766279,-0.00048,-0.9716,-1.0,0,cheap,0,cheap
neutral,413,1,0.350183,0.208764,-3.5e-05,0.7783,-1.0,1,heavy,1,heavy
neutral,415,1,-0.006261,0.047694,-4.2e-05,0.0,0.0,1,heavy,1,heavy
neutral,416,1,-0.030142,-0.028916,-9e-06,0.0,0.0,1,heavy,1,heavy
neutral,421,1,0.050812,0.22894,-0.000196,0.0,0.0,1,heavy,1,heavy
neutral,422,1,-0.042251,-0.070908,-9.5e-05,0.0,0.0,1,heavy,1,heavy
neutral,424,1,0.097279,0.577266,0.00023,0.4404,0.0,1,heavy,1,heavy
neutral,426,1,0.293758,0.275633,0.998971,0.4939,0.0,2,heavy,2,heavy
neutral,427,1,0.086571,0.084751,-0.00015,0.0,0.0,1,heavy,1,heavy
neutral,433,1,0.012272,0.002671,2e-06,0.0,0.0,1,heavy,1,heavy
neutral,434,1,-0.658262,-0.604355,-0.000912,-0.6705,0.0,0,cheap,0,cheap
neutral,440,1,-0.097474,-0.030716,-0.000675,0.0,0.0,1,heavy,1,heavy
neutral,441,1,-0.443736,-0.346602,-2e-05,-0.5106,0.0,1,heavy,1,heavy
neutral,443,1,0.2691,-0.31596,-0.000173,0.0,0.0,1,heavy,1,heavy
neutral,447,1,0.055636,0.011709,-8.1e-05,0.0,0.0,1,heavy,1,heavy
neutral,448,1,0.12744,0.206734,-0.000517,0.34,0.0,1,heavy,1,heavy
neutral,451,1,-0.729856,-0.804726,-0.002566,-0.5106,-1.0,0,cheap,0,cheap
neutral,452,1,-0.105769,0.167559,-0.000862,0.0,0.0,1,heavy,1,heavy
neutral,457,1,-0.305568,-0.23416,-0.993847,-0.4767,0.0,0,heavy,0,heavy
neutral,459,1,0.885095,0.567309,0.977078,0.8442,0.0,2,cheap,2,heavy
neutral,460,1,-0.136537,-0.255831,-7.1e-05,0.0,0.0,1,heavy,1,heavy
neutral,467,1,0.542865,0.209469,3.6e-05,0.8481,0.0,1,heavy,1,heavy
neutral,468,1,-0.170566,-0.059168,-0.001621,-0.1531,0.0,1,heavy,1,heavy
neutral,470,1,-0.147067,-0.070466,-5.2e-05,-0.0516,0.0,1,heavy,1,heavy
neutral,472,1,0.16784,0.417175,-0.000301,0.0,0.0,1,heavy,1,heavy
neutral,473,1,-0.277219,-0.106977,-0.998678,-0.2732,-1.0,0,heavy,0,heavy
neutral,476,1,-0.827864,-0.739522,-0.91691,-0.9337,0.0,0,cheap,0,cheap
neutral,480,1,0.013423,-0.038827,-0.000786,0.0,0.0,1,heavy,1,heavy
neutral,481,1,-0.445247,-0.196791,-0.471581,-0.1531,0.0,0,heavy,0,heavy
neutral,483,1,-0.073948,0.009252,0.000257,0.0,0.0,1,heavy,1,heavy
neutral,484,1,0.010859,0.365229,-0.016199,0.25,0.0,1,heavy,1,heavy
neutral,492,1,-0.041435,-0.182506,-4.4e-05,-0.2263,0.0,1,heavy,1,heavy
neutral,496,1,0.26263,0.011235,-2e-05,0.0,0.0,1,heavy,1,heavy
neutral,497,1,-0.213568,-0.48468,-0.001651,-0.296,0.0,1,heavy,1,heavy
neutral,498,1,0.510629,0.364663,0.556875,0.7906,0.0,2,heavy,2,heavy
neutral,501,1,-0.257239,-0.247516,-0.000499,0.0,0.0,1,heavy,1,heavy
neutral,502,1,-0.069183,-0.278656,-1.6e-05,0.0,0.0,1,heavy,1,heavy
neutral,503,1,0.141289,-0.073646,-0.000113,0.0,0.0,1,heavy,1,heavy
neutral,504,1,0.012272,0.187419,-3.9e-05,0.0,0.0,1,heavy,1,heavy
neutral,506,1,-0.056051,-0.315117,-8e-05,0.0,0.0,1,heavy,1,heavy
neutral,507,1,0.285632,0.583168,-6e-05,0.5423,0.0,1,heavy,1,heavy
neutral,510,1,0.01941,-0.500304,-0.13801,0.2023,0.0,1,heavy,1,heavy
neutral,512,1,-0.044921,-0.176338,-0.008057,0.1531,0.0,1,heavy,1,heavy
neutral,513,1,-0.177165,-0.194438,-0.998382,-0.5423,0.0,0,heavy,0,heavy
neutral,515,1,-0.092687,-0.091785,-6.6e-05,0.0,0.0,1,heavy,1,heavy
neutral,516,1,-0.436002,-0.138333,-0.000564,-0.296,0.0,1,heavy,1,heavy
neutral,517,1,-0.095645,-0.03011,-0.000266,0.0,0.0,1,heavy,1,heavy
neutral,518,1,0.351726,0.189592,-0.739497,0.2732,0.0,0,heavy,0,heavy
neutral,524,1,0.124231,0.008045,0.003464,0.0,0.0,1,heavy,1,heavy
neutral,526,1,0.306189,0.485944,-3.2e-05,0.4767,0.0,1,heavy,1,heavy
neutral,527,1,-0.486025,-0.235389,0.000243,-0.4939,-1.0,1,heavy,1,heavy
neutral,534,1,0.042789,0.16429,-0.000174,0.0772,0.0,1,heavy,1,heavy
neutral,535,1,0.306652,0.445464,-4.6e-05,0.4767,0.0,1,heavy,1,heavy
neutral,536,1,0.109345,-0.165982,-0.000132,0.0,0.0,1,heavy,1,heavy
neutral,537,1,-0.08834,0.178815,0.000541,0.0,0.0,1,heavy,1,heavy
neutral,538,1,0.075746,0.193931,0.00015,0.2144,0.0,1,heavy,1,heavy
neutral,543,1,-0.164239,0.164674,-0.00049,0.0,0.0,1,heavy,1,heavy
neutral,544,1,-0.14217,0.187609,-0.000135,0.0,0.0,1,heavy,1,heavy
neutral,545,1,0.172213,0.028002,-0.000189,0.0,0.0,1,heavy,1,heavy
neutral,549,1,-0.156383,-0.160239,-0.991346,-0.0382,0.0,0,heavy,0,heavy
neutral,551,1,-0.371451,-0.102918,-0.000719,0.0,0.0,1,heavy,1,heavy
neutral,557,1,0.190753,0.026533,0.01218,0.2732,0.0,1,heavy,1,heavy
neutral,559,1,-0.250503,0.026336,-0.001843,0.2023,0.0,1,heavy,1,heavy
neutral,562,1,0.256125,0.330295,-0.000202,0.3612,0.0,1,heavy,1,heavy
neutral,564,1,-0.243811,-0.197417,0.928349,-0.3818,0.0,2,heavy,2,heavy
neutral,565,1,0.159159,0.170864,0.931604,0.0,0.0,2,heavy,2,heavy
neutral,566,1,-0.043931,-0.179593,0.000431,0.0,0.0,1,heavy,1,heavy
neutral,567,1,-0.039872,-0.153525,-0.000489,0.0,0.0,1,heavy,1,heavy
neutral,568,1,0.128566,0.212509,-6.9e-05,0.0,0.0,1,heavy,1,heavy
neutral,569,1,0.260986,0.042167,-0.024377,0.25,0.0,1,heavy,1,heavy
neutral,578,1,-0.078134,0.263033,-0.001852,0.0,0.0,1,heavy,1,heavy
neutral,580,1,0.000211,0.093853,0.000394,0.0,0.0,1,heavy,1,heavy
neutral,583,1,-0.105946,0.195069,0.006026,0.0,0.0,1,heavy,1,heavy
neutral,584,1,-0.042976,-0.043498,1.5e-05,0.0,0.0,1,heavy,1,heavy
neutral,585,1,0.053535,0.424873,-0.264234,0.0,0.0,1,heavy,1,heavy
neutral,587,1,-0.18434,0.053562,-0.000686,0.0,0.0,1,heavy,1,heavy
neutral,590,1,0.038259,0.141098,-0.994895,0.2584,0.0,0,heavy,0,heavy
neutral,593,1,-0.02124,0.249747,-0.000148,0.0,0.0,1,heavy,1,heavy
neutral,594,1,0.702258,0.705063,0.42606,0.8402,0.0,2,cheap,2,cheap
neutral,596,1,0.177838,0.40779,-0.000333,0.5106,0.0,1,heavy,1,heavy
neutral,600,1,-0.620829,-0.545406,-0.997421,-0.6597,0.0,0,cheap,0,heavy
neutral,603,1,0.450786,0.540122,-7.4e-05,0.5859,0.0,1,heavy,1,heavy
neutral,605,1,0.249289,0.247732,0.000197,0.3612,0.0,1,heavy,1,heavy
neutral,606,1,0.247302,0.183261,-5e-06,0.4019,0.0,1,heavy,1,heavy
neutral,608,1,-0.585935,-0.241982,-0.69811,-0.5859,0.0,0,heavy,0,heavy
neutral,609,1,-0.33803,-0.210603,0.001634,0.0516,0.0,1,heavy,1,heavy
neutral,610,1,-0.017204,0.196716,0.008297,0.0,0.0,1,heavy,1,heavy
neutral,612,1,-0.923568,-0.196541,-0.004489,-0.6597,0.0,0,cheap,1,heavy
neutral,619,1,-0.069991,-0.16784,0.000163,0.0,0.0,1,heavy,1,heavy
neutral,621,1,0.443988,0.386679,-0.000349,0.4939,0.0,1,heavy,1,heavy
neutral,622,1,-0.121571,-0.014159,-0.000345,0.0,0.0,1,heavy,1,heavy
neutral,624,1,-0.540201,-0.504166,-0.000539,-0.4404,0.0,1,heavy,1,heavy
neutral,627,1,-0.021097,-0.020007,-0.934437,0.0516,0.0,0,heavy,0,heavy
neutral,630,1,0.124678,-0.025115,-3.3e-05,0.4864,0.0,1,heavy,1,heavy
neutral,636,1,0.609458,0.300214,-0.000204,0.4939,0.0,2,cheap,1,heavy
neutral,640,1,-0.077169,-0.002472,-7.3e-05,0.0,0.0,1,heavy,1,heavy
neutral,646,1,0.093566,0.053214,-7.5e-05,0.1531,0.0,1,heavy,1,heavy
neutral,647,1,-0.036224,0.119081,-0.007132,-0.1027,0.0,1,heavy,1,heavy
neutral,650,1,0.035158,0.238158,0.000671,0.0,0.0,1,heavy,1,heavy
neutral,654,1,-0.547658,-0.444331,0.001272,-0.4633,0.0,1,heavy,1,heavy
neutral,656,1,0.211151,0.136509,-0.01696,0.34,0.0,1,heavy,1,heavy
neutral,658,1,0.390365,-0.152088,0.051872,0.3612,0.0,1,heavy,1,heavy
neutral,661,1,0.022739,-0.386872,0.000319,0.0,0.0,1,heavy,1,heavy
neutral,663,1,0.253483,0.069255,0.000762,0.296,0.0,1,heavy,1,heavy
neutral,667,1,0.007505,0.022138,-7.5e-05,0.0,0.0,1,heavy,1,heavy
neutral,668,1,0.566475,0.299388,0.001709,0.4939,0.0,1,heavy,1,heavy
neutral,669,1,-0.039962,-0.025416,-0.986923,0.0,0.0,0,heavy,0,heavy
neutral,670,1,-0.140434,-0.139132,-9.9e-05,0.0,0.0,1,heavy,1,heavy
neutral,671,1,-0.047414,-0.26221,0.00063,-0.1531,0.0,1,heavy,1,heavy
neutral,674,1,-0.193739,-0.314746,-0.5478,-0.296,0.0,0,heavy,0,heavy
neutral,675,1,-0.201616,-0.470415,-0.000301,0.0,0.0,1,heavy,1,heavy
neutral,676,1,0.014759,-0.188997,-0.003361,0.0,0.0,1,heavy,1,heavy
neutral,678,1,0.223822,0.092565,0.000287,0.4019,0.0,1,heavy,1,heavy
neutral,679,1,-0.036819,-0.073529,-0.012992,-0.2732,0.0,1,heavy,1,heavy
neutral,680,1,0.17449,0.03051,-0.000117,0.4019,0.0,1,heavy,1,heavy
neutral,682,1,0.17841,0.07069,-0.000323,0.0,0.0,1,heavy,1,heavy
neutral,685,1,-0.629521,-0.736385,-0.037555,-0.765,0.0,0,cheap,0,cheap
neutral,687,1,0.075721,-0.208386,0.000153,0.0,0.0,1,heavy,1,heavy
neutral,690,1,0.511538,0.164221,-2e-05,0.34,0.0,1,heavy,1,heavy
neutral,697,1,-0.11308,-0.184553,-7.9e-05,0.0,0.0,1,heavy,1,heavy
neutral,699,1,-0.018668,0.173999,0.001368,0.0,0.0,1,heavy,1,heavy
neutral,704,1,-0.831426,-0.801034,-0.001461,-0.9371,0.0,0,cheap,0,cheap
neutral,705,1,-0.365335,-0.071316,-0.019128,-0.296,0.0,1,heavy,1,heavy
neutral,708,1,-0.177132,-0.03731,-0.000778,0.0,0.0,1,heavy,1,heavy
neutral,711,1,-0.105275,-0.013982,5e-06,0.0,0.0,1,heavy,1,heavy
neutral,718,1,-0.060213,-0.143067,-0.000161,0.0,0.0,1,heavy,1,heavy
neutral,724,1,0.014327,-0.551722,0.001725,0.0,0.0,1,heavy,1,heavy
neutral,727,1,-0.215787,-0.190203,-0.000618,0.0,0.0,1,heavy,1,heavy
neutral,728,1,0.049544,0.032608,-0.003012,0.0274,0.0,1,heavy,1,heavy
neutral,730,1,-0.122679,-0.059491,0.148215,0.0,0.0,1,heavy,1,heavy
neutral,731,1,0.380852,0.233183,-0.000294,0.5267,0.0,1,heavy,1,heavy
neutral,736,1,0.459527,-0.012495,0.000299,0.0,0.0,1,heavy,1,heavy
neutral,746,1,-0.506998,-0.332351,0.000144,-0.7964,0.0,1,heavy,1,heavy
neutral,747,1,0.335625,0.562399,0.994079,0.4767,0.0,2,heavy,2,heavy
neutral,749,1,-0.563539,-0.369399,-0.000293,-0.5423,0.0,1,heavy,1,heavy
neutral,752,1,-0.00611,0.076693,-0.000174,0.0,0.0,1,heavy,1,heavy
neutral,754,1,-0.321919,-0.01779,-0.000809,0.0,0.0,1,heavy,1,heavy
neutral,755,1,0.628533,0.64636,-0.924798,0.8225,0.0,2,cheap,2,cheap
neutral,759,1,0.056286,0.048433,0.561163,0.0,0.0,2,heavy,2,heavy
neutral,761,1,-0.697864,-0.689197,0.000682,-0.7003,0.0,0,cheap,0,cheap
neutral,763,1,-0.073405,-0.139481,-7.2e-05,0.0,0.0,1,heavy,1,heavy
neutral,764,1,-0.25076,-0.296607,0.002239,-0.3182,0.0,1,heavy,1,heavy
neutral,767,1,-0.198089,-0.305724,7e-06,0.0,-1.0,1,heavy,1,heavy
neutral,768,1,-0.05929,0.054031,-7.6e-05,0.0,0.0,1,heavy,1,heavy
neutral,770,1,0.018258,0.255348,-0.999204,0.0,0.0,0,heavy,0,heavy
neutral,771,1,-0.110479,-0.348177,-0.00026,-0.0516,0.0,1,heavy,1,heavy
neutral,773,1,-0.914927,-0.344915,-0.997457,-0.743,-1.0,0,cheap,0,heavy
neutral,774,1,-0.04593,0.178813,-0.002983,0.2732,0.0,1,heavy,1,heavy
neutral,776,1,0.145531,0.015322,0.000472,0.1531,0.0,1,heavy,1,heavy
neutral,777,1,-0.424338,-0.329909,-0.994813,-0.5994,0.0,0,heavy,0,heavy
neutral,778,1,0.081431,-0.055065,0.002281,0.1063,-1.0,1,heavy,1,heavy
neutral,779,1,-0.013517,-0.013677,-0.000395,0.0,0.0,1,heavy,1,heavy
neutral,781,1,-0.020801,-0.341731,-0.000106,0.0,0.0,1,heavy,1,heavy
neutral,782,1,-0.034621,0.395515,0.000172,0.0772,0.0,1,heavy,1,heavy
neutral,785,1,-0.57564,-0.567661,-0.039159,-0.6437,0.0,1,heavy,1,heavy
neutral,790,1,-0.201089,-0.044382,-0.000144,-0.3612,0.0,1,heavy,1,heavy
neutral,791,1,-0.565668,0.03979,0.005698,-0.5994,0.0,1,heavy,1,heavy
neutral,796,1,0.109412,-0.342192,-0.000145,0.1082,0.0,1,heavy,1,heavy
neutral,799,1,-0.167099,-0.561477,-9.5e-05,-0.296,0.0,1,heavy,1,heavy
neutral,801,1,0.144027,-0.020773,-0.000528,0.0,0.0,1,heavy,1,heavy
neutral,806,1,0.003566,0.026991,-0.005661,0.0,0.0,1,heavy,1,heavy
neutral,807,1,-0.364864,-0.113379,-0.000437,-0.296,0.0,1,heavy,1,heavy
neutral,814,1,-0.127245,0.435014,0.000113,-0.2023,0.0,1,heavy,1,heavy
neutral,815,1,-0.631285,-0.128393,-0.015978,-0.5574,0.0,0,cheap,1,heavy
neutral,816,1,0.274574,-0.025119,-0.000895,0.3818,0.0,1,heavy,1,heavy
neutral,817,1,0.064609,0.257982,0.002076,0.418,-1.0,1,heavy,1,heavy
neutral,819,1,-0.279513,-0.0191,-2.7e-05,0.0,0.0,1,heavy,1,heavy
neutral,821,1,-0.717899,-0.533946,-0.998145,-0.7906,0.0,0,cheap,0,heavy
neutral,824,1,-0.578632,-0.606631,-0.013119,-0.7964,0.0,1,heavy,0,cheap
neutral,825,1,-0.241746,-0.379943,0.002083,-0.2732,0.0,1,heavy,1,heavy
neutral,827,1,-0.131385,0.051336,0.666366,0.0,0.0,2,heavy,2,heavy
neutral,828,1,0.014395,0.02448,-0.000277,0.1134,0.0,1,heavy,1,heavy
neutral,830,1,-0.072695,-0.073699,-0.00212,0.0,0.0,1,heavy,1,heavy
neutral,831,1,-0.04334,-0.049897,-0.013332,0.0,0.0,1,heavy,1,heavy
neutral,833,1,-0.545079,-0.060853,-0.284726,-0.489,0.0,1,heavy,1,heavy
neutral,835,1,0.153719,-0.048921,0.000148,0.0,0.0,1,heavy,1,heavy
neutral,839,1,-0.029478,0.351698,0.000159,0.0,0.0,1,heavy,1,heavy
neutral,841,1,0.494536,-0.172195,0.018343,0.5267,0.0,1,heavy,1,heavy
neutral,844,1,0.013969,-0.040953,-0.000408,0.0,0.0,1,heavy,1,heavy
neutral,845,1,0.051857,0.016204,-0.775774,0.3875,0.0,0,heavy,0,heavy
neutral,847,1,-0.460821,-0.136966,-0.864689,-0.2023,-1.0,0,heavy,0,heavy
neutral,849,1,-0.1224,-0.39078,-0.000144,0.0,0.0,1,heavy,1,heavy
neutral,852,1,0.134072,0.064006,-0.000165,0.2235,0.0,1,heavy,1,heavy
neutral,854,1,-0.563629,-0.443159,-1.6e-05,-0.6249,0.0,1,heavy,1,heavy
neutral,855,1,0.108916,0.131958,-0.996342,0.2732,0.0,0,heavy,0,heavy
neutral,860,1,-0.085405,-0.362136,-0.012751,0.0,0.0,1,heavy,1,heavy
neutral,861,1,-0.232115,-0.077091,-0.000252,0.0,0.0,1,heavy,1,heavy
neutral,864,1,0.075273,-0.149075,0.000135,0.0,0.0,1,heavy,1,heavy
neutral,865,1,-0.336725,-0.270425,-0.994878,-0.1531,0.0,0,heavy,0,heavy
neutral,868,1,-0.460247,-0.234765,-0.946883,-0.4588,0.0,0,heavy,0,heavy
neutral,871,1,-0.115474,-0.382428,-0.000234,-0.0516,0.0,1,heavy,1,heavy
neutral,873,1,0.17419,-0.392053,-0.001647,0.3182,0.0,1,heavy,1,heavy
neutral,876,1,-0.113569,0.155451,0.994037,0.0,0.0,2,heavy,2,heavy
neutral,881,1,-0.540442,-0.422918,-0.002128,-0.5216,0.0,1,heavy,1,heavy
neutral,882,1,-0.610597,-0.142055,0.1026,-0.5106,0.0,0,cheap,1,heavy
neutral,883,1,-0.001121,0.11274,-0.000142,0.0,0.0,1,heavy,1,heavy
neutral,885,1,0.09651,-0.056461,-0.002345,0.0,0.0,1,heavy,1,heavy
neutral,886,1,0.127195,0.05317,-0.033368,0.4588,0.0,1,heavy,1,heavy
neutral,887,1,0.453589,0.194821,0.023865,0.4118,0.0,1,heavy,1,heavy
neutral,888,1,0.371458,0.522304,7.5e-05,0.6808,0.0,1,heavy,1,heavy
neutral,889,1,-0.174204,-0.216291,-0.00015,0.0,0.0,1,heavy,1,heavy
neutral,891,1,0.082727,0.192705,0.277454,0.3182,0.0,1,heavy,1,heavy
neutral,894,1,0.149875,0.128384,-4.6e-05,0.0,0.0,1,heavy,1,heavy
neutral,895,1,0.595002,0.49337,0.000664,0.7845,0.0,1,heavy,1,heavy
neutral,897,1,0.170712,0.056933,0.001076,0.0,0.0,1,heavy,1,heavy
neutral,898,1,0.493443,0.660021,0.008576,0.802,0.0,1,heavy,2,cheap
neutral,904,1,-0.290225,-0.505289,0.000357,-0.4019,0.0,1,heavy,1,heavy
neutral,905,1,-0.038136,0.045462,-0.023128,0.4019,0.0,1,heavy,1,heavy
neutral,906,1,0.165611,-0.171497,0.000122,0.3612,0.0,1,heavy,1,heavy
neutral,909,1,-0.839798,-0.525918,-9.7e-05,-0.6997,0.0,0,cheap,1,heavy
neutral,910,1,0.04488,0.223004,-6.8e-05,0.0,0.0,1,heavy,1,heavy
neutral,911,1,-0.192785,-0.078069,-0.000305,0.0,0.0,1,heavy,1,heavy
neutral,912,1,0.208898,0.151705,-0.00011,0.5267,0.0,1,heavy,1,heavy
neutral,913,1,0.211177,0.22419,0.999003,0.128,0.0,2,heavy,2,heavy
neutral,914,1,0.113311,-0.137788,-0.000295,0.2003,0.0,1,heavy,1,heavy
neutral,916,1,0.117217,0.121014,-0.007898,0.4767,0.0,1,heavy,1,heavy
neutral,918,1,0.649004,0.528805,0.999482,0.6908,0.0,2,cheap,2,heavy
neutral,921,1,0.066231,-0.18375,-6e-05,0.0,0.0,1,heavy,1,heavy
neutral,927,1,-0.019963,0.174888,1.1e-05,0.0,0.0,1,heavy,1,heavy
neutral,928,1,0.120353,-0.106649,-0.931121,0.0,0.0,0,heavy,0,heavy
neutral,931,1,-0.058104,0.073173,0.999642,0.0,0.0,2,heavy,2,heavy
neutral,932,1,-0.106089,0.072321,-8e-05,0.0,0.0,1,heavy,1,heavy
neutral,933,1,0.016499,0.137432,-0.048818,0.2732,-1.0,1,heavy,1,heavy
neutral,936,1,-0.307593,-0.504833,0.001506,-0.6124,0.0,1,heavy,1,heavy
neutral,938,1,0.445745,0.406119,0.000624,0.9661,0.0,1,heavy,1,heavy
neutral,939,1,-0.151427,-0.191681,-0.000174,0.0,0.0,1,heavy,1,heavy
neutral,948,1,0.316298,-0.018911,-0.001316,0.6369,-1.0,1,heavy,1,heavy
neutral,949,1,-0.047489,-0.26239,-0.000222,0.0,0.0,1,heavy,1,heavy
neutral,950,1,0.353268,0.064175,-0.002109,0.0,0.0,1,heavy,1,heavy
neutral,953,1,0.016845,-0.009085,-0.000201,0.0,0.0,1,heavy,1,heavy
neutral,954,1,0.603769,0.297564,0.999301,0.7184,0.0,2,cheap,2,heavy
neutral,959,1,0.123736,0.043742,-0.000872,0.0,0.0,1,heavy,1,heavy
neutral,970,1,-0.665263,-0.669042,-0.000675,-0.5209,0.0,0,cheap,0,cheap
neutral,976,1,-0.595266,-0.304311,-0.99513,-0.4019,0.0,0,heavy,0,heavy
neutral,980,1,0.366874,0.181292,0.370563,0.6486,-1.0,2,heavy,2,heavy
neutral,983,1,-0.662295,0.041401,-9.9e-05,-0.5994,0.0,0,cheap,1,heavy
neutral,984,1,0.039725,0.458662,5e-05,0.2023,0.0,1,heavy,1,heavy
neutral,987,1,0.009523,-0.084864,-6.6e-05,0.0,0.0,1,heavy,1,heavy
neutral,994,1,-0.117028,-0.637349,-0.853058,-0.2748,0.0,0,heavy,0,cheap
neutral,998,1,0.007832,0.128688,-3e-05,0.0,0.0,1,heavy,1,heavy
neutral,1000,1,0.575101,0.374851,0.999241,0.8074,0.0,2,heavy,2,heavy
neutral,1002,1,0.248109,0.051985,0.023144,0.2732,0.0,1,heavy,1,heavy
neutral,1007,1,-0.561475,-0.46156,-0.000107,-0.25,0.0,1,heavy,1,heavy
neutral,1008,1,0.395112,0.185249,-9.1e-05,0.4767,0.0,1,heavy,1,heavy
neutral,1009,1,0.049825,-0.007274,-2.4e-05,0.0,0.0,1,heavy,1,heavy
neutral,1012,1,0.023382,-0.122731,0.000682,0.1901,0.0,1,heavy,1,heavy
neutral,1015,1,-0.523667,-0.238069,-0.685142,-0.2549,0.0,0,heavy,0,heavy
neutral,1017,1,-0.329547,-0.235999,-0.000453,-0.296,0.0,1,heavy,1,heavy
neutral,1020,1,-0.492762,-0.237339,-0.000327,-0.5106,0.0,1,heavy,1,heavy
neutral,1021,1,-0.160356,-0.372034,0.000257,0.0,0.0,1,heavy,1,heavy
neutral,1022,1,-0.485879,-0.258298,-0.000432,0.0,0.0,1,heavy,1,heavy
neutral,1023,1,0.541162,0.666236,3.3e-05,0.5719,0.0,1,heavy,2,cheap
neutral,1028,1,-0.048813,-0.362909,-0.002001,0.0,-1.0,1,heavy,1,heavy
neutral,1031,1,-0.2006,-0.06861,-0.001162,-0.2732,0.0,1,heavy,1,heavy
neutral,1032,1,0.410189,0.242079,0.000187,0.2732,0.0,1,heavy,1,heavy
neutral,1033,1,-0.031853,-0.015269,-0.000289,0.0,0.0,1,heavy,1,heavy
neutral,1034,1,0.032952,-0.137619,-0.000117,0.0,0.0,1,heavy,1,heavy
neutral,1036,1,0.335142,0.090788,0.636307,0.0,0.0,2,heavy,2,heavy
neutral,1041,1,0.574149,0.461709,0.000116,0.5574,0.0,1,heavy,1,heavy
neutral,1042,1,-0.066732,-0.343313,-0.996745,0.128,-1.0,0,heavy,0,heavy
neutral,1044,1,-0.076559,-0.215566,-0.000496,0.0,0.0,1,heavy,1,heavy
neutral,1045,1,-0.555108,-0.361086,-0.001422,-0.5233,0.0,1,heavy,1,heavy
neutral,1051,1,0.031333,0.013269,0.735186,0.0772,0.0,2,heavy,2,heavy
neutral,1052,1,-0.785291,-0.534288,-0.001145,-0.9272,0.0,0,cheap,1,heavy
neutral,1054,1,0.046287,-0.268432,-0.0004,0.0,0.0,1,heavy,1,heavy
neutral,1055,1,-0.278646,-0.180057,-0.000149,0.0,0.0,1,heavy,1,heavy
neutral,1056,1,-0.215361,-0.345077,-0.000143,-0.296,0.0,1,heavy,1,heavy
neutral,1058,1,0.163645,0.115931,0.000113,0.4939,0.0,1,heavy,1,heavy
neutral,1063,1,-0.077831,0.239787,-1.3e-05,0.0,0.0,1,heavy,1,heavy
neutral,1064,1,0.124042,0.132829,0.000119,0.3818,0.0,1,heavy,1,heavy
neutral,1066,1,-0.014376,0.172885,-2e-05,0.0,0.0,1,heavy,1,heavy
